distance,surge_multiplier,icon_ clear-day ,icon_ clear-night ,icon_ cloudy ,icon_ fog ,icon_ partly-cloudy-day ,icon_ partly-cloudy-night ,icon_ rain ,source_Back Bay,source_Beacon Hill,source_Boston University,source_Fenway,source_Financial District,source_Haymarket Square,source_North End,source_North Station,source_Northeastern University,source_South Station,source_Theatre District,source_West End,destination_Back Bay,destination_Beacon Hill,destination_Boston University,destination_Fenway,destination_Financial District,destination_Haymarket Square,destination_North End,destination_North Station,destination_Northeastern University,destination_South Station,destination_Theatre District,destination_West End,cab_type_Lyft,cab_type_Uber,name_Black,name_Black SUV,name_Lux,name_Lux Black,name_Lux Black XL,name_Lyft,name_Lyft XL,name_Shared,name_UberPool,name_UberX,name_UberXL,name_WAV,price
-0.7296077583515072,-0.14763389678194677,-0.20041365606323341,-0.3089803762722523,-0.6792109893640729,-0.11482333587655506,2.236246098691061,-0.5437990521321804,-0.42117336992996873,-0.29994801576264063,-0.30334026118101864,-0.3018571111142733,-0.3021850168704932,-0.2844348789726559,-0.304749671950443,-0.3047966825381729,-0.30272680381922956,-0.30224174575244117,3.2859121660464665,-0.30310126808387927,-0.30404393730812174,-0.3044706439126479,-0.303321397845275,-0.28623757877971,-0.30275198752778326,-0.30271106329474073,-0.3043389090832075,-0.30374877610419154,3.3128603310724394,-0.29946947133981966,-0.3011121354061834,-0.3042918517966637,-0.3035162815034751,-0.9651494887959078,0.9651494887959079,-0.307589956721284,3.2691584832453207,-0.2972984756364805,-0.2958782193434618,-0.28778485064642084,-0.2976424757887016,-0.29752146930260215,-0.2976361078536546,-0.30761487725243,-0.3076211071788437,-0.3074902613827119,-0.3076273370227194,27.5
1.0520125895439651,-0.14763389678194677,-0.20041365606323341,-0.3089803762722523,-0.6792109893640729,-0.11482333587655506,-0.44717797409924104,-0.5437990521321804,2.3743191554733776,-0.29994801576264063,-0.30334026118101864,-0.3018571111142733,-0.3021850168704932,-0.2844348789726559,-0.304749671950443,-0.3047966825381729,-0.30272680381922956,3.30860979349648,-0.3043294980106471,-0.30310126808387927,-0.30404393730812174,-0.3044706439126479,-0.303321397845275,-0.28623757877971,-0.30275198752778326,-0.30271106329474073,-0.3043389090832075,-0.30374877610419154,3.3128603310724394,-0.29946947133981966,-0.3011121354061834,-0.3042918517966637,-0.3035162815034751,-0.9651494887959078,0.9651494887959079,3.2510814418629694,-0.3058891164576676,-0.2972984756364805,-0.2958782193434618,-0.28778485064642084,-0.2976424757887016,-0.29752146930260215,-0.2976361078536546,-0.30761487725243,-0.3076211071788437,-0.3074902613827119,-0.3076273370227194,26.5
-0.6429343360214573,2.846656616439588,-0.20041365606323341,-0.3089803762722523,-0.6792109893640729,-0.11482333587655506,-0.44717797409924104,1.838914569782904,-0.42117336992996873,3.3339110360754476,-0.30334026118101864,-0.3018571111142733,-0.3021850168704932,-0.2844348789726559,-0.304749671950443,-0.3047966825381729,-0.30272680381922956,-0.30224174575244117,-0.3043294980106471,-0.30310126808387927,-0.30404393730812174,-0.3044706439126479,-0.303321397845275,3.4936013791872,-0.30275198752778326,-0.30271106329474073,-0.3043389090832075,-0.30374877610419154,-0.30185395702337997,-0.29946947133981966,-0.3011121354061834,-0.3042918517966637,-0.3035162815034751,1.0361089257246263,-1.0361089257246263,-0.307589956721284,-0.3058891164576676,-0.2972984756364805,-0.2958782193434618,-0.28778485064642084,-0.2976424757887016,3.36110198146045,-0.2976361078536546,-0.30761487725243,-0.3076211071788437,-0.3074902613827119,-0.3076273370227194,16.5
1.0134910685083873,-0.14763389678194677,-0.20041365606323341,-0.3089803762722523,-0.6792109893640729,-0.11482333587655506,-0.44717797409924104,1.838914569782904,-0.42117336992996873,-0.29994801576264063,-0.30334026118101864,-0.3018571111142733,-0.3021850168704932,-0.2844348789726559,-0.304749671950443,-0.3047966825381729,3.3033084199479754,-0.30224174575244117,-0.3043294980106471,-0.30310126808387927,-0.30404393730812174,-0.3044706439126479,-0.303321397845275,-0.28623757877971,3.3030336420441535,-0.30271106329474073,-0.3043389090832075,-0.30374877610419154,-0.30185395702337997,-0.29946947133981966,-0.3011121354061834,-0.3042918517966637,-0.3035162815034751,1.0361089257246263,-1.0361089257246263,-0.307589956721284,-0.3058891164576676,-0.2972984756364805,-0.2958782193434618,-0.28778485064642084,-0.2976424757887016,3.36110198146045,-0.2976361078536546,-0.30761487725243,-0.3076211071788437,-0.3074902613827119,-0.3076273370227194,16.5
-0.6044128149858795,-0.14763389678194677,-0.20041365606323341,-0.3089803762722523,-0.6792109893640729,8.709031072525933,-0.44717797409924104,-0.5437990521321804,-0.42117336992996873,-0.29994801576264063,-0.30334026118101864,-0.3018571111142733,-0.3021850168704932,-0.2844348789726559,-0.304749671950443,-0.3047966825381729,-0.30272680381922956,-0.30224174575244117,3.2859121660464665,-0.30310126808387927,-0.30404393730812174,-0.3044706439126479,-0.303321397845275,-0.28623757877971,-0.30275198752778326,-0.30271106329474073,-0.3043389090832075,-0.30374877610419154,3.3128603310724394,-0.29946947133981966,-0.3011121354061834,-0.3042918517966637,-0.3035162815034751,-0.9651494887959078,0.9651494887959079,-0.307589956721284,-0.3058891164576676,-0.2972984756364805,-0.2958782193434618,-0.28778485064642084,-0.2976424757887016,-0.29752146930260215,-0.2976361078536546,3.2508180648863614,-0.3076211071788437,-0.3074902613827119,-0.3076273370227194,8.0
-0.6621950965392462,-0.14763389678194677,4.989679943189526,-0.3089803762722523,-0.6792109893640729,-0.11482333587655506,-0.44717797409924104,-0.5437990521321804,-0.42117336992996873,3.3339110360754476,-0.30334026118101864,-0.3018571111142733,-0.3021850168704932,-0.2844348789726559,-0.304749671950443,-0.3047966825381729,-0.30272680381922956,-0.30224174575244117,-0.3043294980106471,-0.30310126808387927,-0.30404393730812174,-0.3044706439126479,-0.303321397845275,3.4936013791872,-0.30275198752778326,-0.30271106329474073,-0.3043389090832075,-0.30374877610419154,-0.30185395702337997,-0.29946947133981966,-0.3011121354061834,-0.3042918517966637,-0.3035162815034751,1.0361089257246263,-1.0361089257246263,-0.307589956721284,-0.3058891164576676,-0.2972984756364805,-0.2958782193434618,-0.28778485064642084,-0.2976424757887016,-0.29752146930260215,3.3598074078152247,-0.30761487725243,-0.3076211071788437,-0.3074902613827119,-0.3076273370227194,5.0
-0.6621950965392462,-0.14763389678194677,-0.20041365606323341,-0.3089803762722523,-0.6792109893640729,-0.11482333587655506,-0.44717797409924104,1.838914569782904,-0.42117336992996873,-0.29994801576264063,-0.30334026118101864,-0.3018571111142733,-0.3021850168704932,-0.2844348789726559,-0.304749671950443,-0.3047966825381729,-0.30272680381922956,-0.30224174575244117,-0.3043294980106471,-0.30310126808387927,3.2889983232475632,-0.3044706439126479,-0.303321397845275,-0.28623757877971,-0.30275198752778326,-0.30271106329474073,-0.3043389090832075,-0.30374877610419154,-0.30185395702337997,-0.29946947133981966,3.3210219131522414,-0.3042918517966637,-0.3035162815034751,1.0361089257246263,-1.0361089257246263,-0.307589956721284,-0.3058891164576676,-0.2972984756364805,-0.2958782193434618,-0.28778485064642084,3.359735526154896,-0.29752146930260215,-0.2976361078536546,-0.30761487725243,-0.3076211071788437,-0.3074902613827119,-0.3076273370227194,7.0
-1.3555824751796461,-0.14763389678194677,-0.20041365606323341,-0.3089803762722523,1.4722965553550205,-0.11482333587655506,-0.44717797409924104,-0.5437990521321804,-0.42117336992996873,-0.29994801576264063,-0.30334026118101864,-0.3018571111142733,-0.3021850168704932,-0.2844348789726559,-0.304749671950443,-0.3047966825381729,-0.30272680381922956,-0.30224174575244117,-0.3043294980106471,-0.30310126808387927,3.2889983232475632,-0.3044706439126479,-0.303321397845275,-0.28623757877971,-0.30275198752778326,-0.30271106329474073,3.285810555779431,-0.30374877610419154,-0.30185395702337997,-0.29946947133981966,-0.3011121354061834,-0.3042918517966637,-0.3035162815034751,-0.9651494887959078,0.9651494887959079,3.2510814418629694,-0.3058891164576676,-0.2972984756364805,-0.2958782193434618,-0.28778485064642084,-0.2976424757887016,-0.29752146930260215,-0.2976361078536546,-0.30761487725243,-0.3076211071788437,-0.3074902613827119,-0.3076273370227194,15.0
0.4741897740102985,-0.14763389678194677,-0.20041365606323341,-0.3089803762722523,-0.6792109893640729,-0.11482333587655506,-0.44717797409924104,1.838914569782904,-0.42117336992996873,-0.29994801576264063,-0.30334026118101864,-0.3018571111142733,-0.3021850168704932,-0.2844348789726559,-0.304749671950443,-0.3047966825381729,-0.30272680381922956,-0.30224174575244117,-0.3043294980106471,3.2992273715043083,-0.30404393730812174,-0.3044706439126479,-0.303321397845275,3.4936013791872,-0.30275198752778326,-0.30271106329474073,-0.3043389090832075,-0.30374877610419154,-0.30185395702337997,-0.29946947133981966,-0.3011121354061834,-0.3042918517966637,-0.3035162815034751,-0.9651494887959078,0.9651494887959079,-0.307589956721284,-0.3058891164576676,-0.2972984756364805,-0.2958782193434618,-0.28778485064642084,-0.2976424757887016,-0.29752146930260215,-0.2976361078536546,-0.30761487725243,-0.3076211071788437,-0.3074902613827119,3.250686397633596,11.0
-0.7488685188692961,-0.14763389678194677,-0.20041365606323341,-0.3089803762722523,-0.6792109893640729,-0.11482333587655506,-0.44717797409924104,-0.5437990521321804,2.3743191554733776,-0.29994801576264063,3.2966280048240897,-0.3018571111142733,-0.3021850168704932,-0.2844348789726559,-0.304749671950443,-0.3047966825381729,-0.30272680381922956,-0.30224174575244117,-0.3043294980106471,-0.30310126808387927,-0.30404393730812174,-0.3044706439126479,-0.303321397845275,-0.28623757877971,-0.30275198752778326,-0.30271106329474073,3.285810555779431,-0.30374877610419154,-0.30185395702337997,-0.29946947133981966,-0.3011121354061834,-0.3042918517966637,-0.3035162815034751,-0.9651494887959078,0.9651494887959079,-0.307589956721284,-0.3058891164576676,-0.2972984756364805,-0.2958782193434618,-0.28778485064642084,-0.2976424757887016,-0.29752146930260215,-0.2976361078536546,-0.30761487725243,3.250752229490622,-0.3074902613827119,-0.3076273370227194,9.0
0.41640749245693176,-0.14763389678194677,-0.20041365606323341,-0.3089803762722523,-0.6792109893640729,-0.11482333587655506,-0.44717797409924104,1.838914569782904,-0.42117336992996873,-0.29994801576264063,3.2966280048240897,-0.3018571111142733,-0.3021850168704932,-0.2844348789726559,-0.304749671950443,-0.3047966825381729,-0.30272680381922956,-0.30224174575244117,-0.3043294980106471,-0.30310126808387927,-0.30404393730812174,-0.3044706439126479,-0.303321397845275,-0.28623757877971,-0.30275198752778326,-0.30271106329474073,-0.3043389090832075,-0.30374877610419154,-0.30185395702337997,3.339238539160678,-0.3011121354061834,-0.3042918517966637,-0.3035162815034751,1.0361089257246263,-1.0361089257246263,-0.307589956721284,-0.3058891164576676,-0.2972984756364805,-0.2958782193434618,-0.28778485064642084,-0.2976424757887016,3.36110198146045,-0.2976361078536546,-0.30761487725243,-0.3076211071788437,-0.3074902613827119,-0.3076273370227194,13.5
2.0632025167278814,5.840947129661123,-0.20041365606323341,-0.3089803762722523,1.4722965553550205,-0.11482333587655506,-0.44717797409924104,-0.5437990521321804,-0.42117336992996873,-0.29994801576264063,-0.30334026118101864,-0.3018571111142733,3.3092309154049406,-0.2844348789726559,-0.304749671950443,-0.3047966825381729,-0.30272680381922956,-0.30224174575244117,-0.3043294980106471,-0.30310126808387927,-0.30404393730812174,-0.3044706439126479,-0.303321397845275,-0.28623757877971,-0.30275198752778326,3.3034801870664707,-0.3043389090832075,-0.30374877610419154,-0.30185395702337997,-0.29946947133981966,-0.3011121354061834,-0.3042918517966637,-0.3035162815034751,1.0361089257246263,-1.0361089257246263,-0.307589956721284,-0.3058891164576676,-0.2972984756364805,-0.2958782193434618,-0.28778485064642084,3.359735526154896,-0.29752146930260215,-0.2976361078536546,-0.30761487725243,-0.3076211071788437,-0.3074902613827119,-0.3076273370227194,19.5
2.515830388895921,-0.14763389678194677,-0.20041365606323341,3.2364514926956676,-0.6792109893640729,-0.11482333587655506,-0.44717797409924104,-0.5437990521321804,-0.42117336992996873,-0.29994801576264063,-0.30334026118101864,3.3128257151491525,-0.3021850168704932,-0.2844348789726559,-0.304749671950443,-0.3047966825381729,-0.30272680381922956,-0.30224174575244117,-0.3043294980106471,-0.30310126808387927,-0.30404393730812174,-0.3044706439126479,-0.303321397845275,-0.28623757877971,-0.30275198752778326,3.3034801870664707,-0.3043389090832075,-0.30374877610419154,-0.30185395702337997,-0.29946947133981966,-0.3011121354061834,-0.3042918517966637,-0.3035162815034751,-0.9651494887959078,0.9651494887959079,-0.307589956721284,-0.3058891164576676,-0.2972984756364805,-0.2958782193434618,-0.28778485064642084,-0.2976424757887016,-0.29752146930260215,-0.2976361078536546,3.2508180648863614,-0.3076211071788437,-0.3074902613827119,-0.3076273370227194,12.5
2.1595063193168262,-0.14763389678194677,-0.20041365606323341,-0.3089803762722523,-0.6792109893640729,-0.11482333587655506,-0.44717797409924104,1.838914569782904,-0.42117336992996873,-0.29994801576264063,-0.30334026118101864,-0.3018571111142733,-0.3021850168704932,-0.2844348789726559,-0.304749671950443,-0.3047966825381729,-0.30272680381922956,-0.30224174575244117,-0.3043294980106471,3.2992273715043083,-0.30404393730812174,-0.3044706439126479,-0.303321397845275,3.4936013791872,-0.30275198752778326,-0.30271106329474073,-0.3043389090832075,-0.30374877610419154,-0.30185395702337997,-0.29946947133981966,-0.3011121354061834,-0.3042918517966637,-0.3035162815034751,1.0361089257246263,-1.0361089257246263,-0.307589956721284,-0.3058891164576676,-0.2972984756364805,-0.2958782193434618,-0.28778485064642084,-0.2976424757887016,3.36110198146045,-0.2976361078536546,-0.30761487725243,-0.3076211071788437,-0.3074902613827119,-0.3076273370227194,22.5
0.897926505401654,-0.14763389678194677,-0.20041365606323341,-0.3089803762722523,-0.6792109893640729,-0.11482333587655506,2.236246098691061,-0.5437990521321804,-0.42117336992996873,-0.29994801576264063,-0.30334026118101864,-0.3018571111142733,-0.3021850168704932,-0.2844348789726559,-0.304749671950443,-0.3047966825381729,3.3033084199479754,-0.30224174575244117,-0.3043294980106471,-0.30310126808387927,-0.30404393730812174,-0.3044706439126479,-0.303321397845275,-0.28623757877971,3.3030336420441535,-0.30271106329474073,-0.3043389090832075,-0.30374877610419154,-0.30185395702337997,-0.29946947133981966,-0.3011121354061834,-0.3042918517966637,-0.3035162815034751,-0.9651494887959078,0.9651494887959079,-0.307589956721284,3.2691584832453207,-0.2972984756364805,-0.2958782193434618,-0.28778485064642084,-0.2976424757887016,-0.29752146930260215,-0.2976361078536546,-0.30761487725243,-0.3076211071788437,-0.3074902613827119,-0.3076273370227194,37.5
0.021561901842259368,-0.14763389678194677,-0.20041365606323341,-0.3089803762722523,-0.6792109893640729,-0.11482333587655506,-0.44717797409924104,-0.5437990521321804,2.3743191554733776,-0.29994801576264063,-0.30334026118101864,-0.3018571111142733,-0.3021850168704932,-0.2844348789726559,-0.304749671950443,-0.3047966825381729,3.3033084199479754,-0.30224174575244117,-0.3043294980106471,-0.30310126808387927,-0.30404393730812174,-0.3044706439126479,-0.303321397845275,-0.28623757877971,-0.30275198752778326,-0.30271106329474073,-0.3043389090832075,-0.30374877610419154,-0.30185395702337997,-0.29946947133981966,3.3210219131522414,-0.3042918517966637,-0.3035162815034751,1.0361089257246263,-1.0361089257246263,-0.307589956721284,-0.3058891164576676,-0.2972984756364805,-0.2958782193434618,3.4748180724378113,-0.2976424757887016,-0.29752146930260215,-0.2976361078536546,-0.30761487725243,-0.3076211071788437,-0.3074902613827119,-0.3076273370227194,30.0
-0.5370001531736183,-0.14763389678194677,-0.20041365606323341,-0.3089803762722523,-0.6792109893640729,-0.11482333587655506,2.236246098691061,-0.5437990521321804,-0.42117336992996873,-0.29994801576264063,-0.30334026118101864,-0.3018571111142733,-0.3021850168704932,-0.2844348789726559,-0.304749671950443,-0.3047966825381729,-0.30272680381922956,-0.30224174575244117,-0.3043294980106471,3.2992273715043083,-0.30404393730812174,-0.3044706439126479,-0.303321397845275,-0.28623757877971,-0.30275198752778326,-0.30271106329474073,-0.3043389090832075,3.292194335153407,-0.30185395702337997,-0.29946947133981966,-0.3011121354061834,-0.3042918517966637,-0.3035162815034751,-0.9651494887959078,0.9651494887959079,-0.307589956721284,-0.3058891164576676,-0.2972984756364805,-0.2958782193434618,-0.28778485064642084,-0.2976424757887016,-0.29752146930260215,-0.2976361078536546,3.2508180648863614,-0.3076211071788437,-0.3074902613827119,-0.3076273370227194,7.5
-0.8451723214582406,-0.14763389678194677,-0.20041365606323341,-0.3089803762722523,-0.6792109893640729,-0.11482333587655506,-0.44717797409924104,1.838914569782904,-0.42117336992996873,-0.29994801576264063,-0.30334026118101864,-0.3018571111142733,-0.3021850168704932,3.515743229564102,-0.304749671950443,-0.3047966825381729,-0.30272680381922956,-0.30224174575244117,-0.3043294980106471,-0.30310126808387927,-0.30404393730812174,-0.3044706439126479,-0.303321397845275,-0.28623757877971,-0.30275198752778326,-0.30271106329474073,3.285810555779431,-0.30374877610419154,-0.30185395702337997,-0.29946947133981966,-0.3011121354061834,-0.3042918517966637,-0.3035162815034751,-0.9651494887959078,0.9651494887959079,-0.307589956721284,-0.3058891164576676,-0.2972984756364805,-0.2958782193434618,-0.28778485064642084,-0.2976424757887016,-0.29752146930260215,-0.2976361078536546,-0.30761487725243,-0.3076211071788437,-0.3074902613827119,3.250686397633596,7.0
0.570493576599243,-0.14763389678194677,-0.20041365606323341,-0.3089803762722523,1.4722965553550205,-0.11482333587655506,-0.44717797409924104,-0.5437990521321804,-0.42117336992996873,-0.29994801576264063,-0.30334026118101864,-0.3018571111142733,3.3092309154049406,-0.2844348789726559,-0.304749671950443,-0.3047966825381729,-0.30272680381922956,-0.30224174575244117,-0.3043294980106471,-0.30310126808387927,-0.30404393730812174,-0.3044706439126479,-0.303321397845275,-0.28623757877971,-0.30275198752778326,-0.30271106329474073,-0.3043389090832075,-0.30374877610419154,-0.30185395702337997,-0.29946947133981966,-0.3011121354061834,-0.3042918517966637,3.2947161682611434,-0.9651494887959078,0.9651494887959079,-0.307589956721284,3.2691584832453207,-0.2972984756364805,-0.2958782193434618,-0.28778485064642084,-0.2976424757887016,-0.29752146930260215,-0.2976361078536546,-0.30761487725243,-0.3076211071788437,-0.3074902613827119,-0.3076273370227194,30.5
2.332853163976926,-0.14763389678194677,-0.20041365606323341,-0.3089803762722523,-0.6792109893640729,-0.11482333587655506,-0.44717797409924104,1.838914569782904,-0.42117336992996873,-0.29994801576264063,-0.30334026118101864,-0.3018571111142733,-0.3021850168704932,-0.2844348789726559,-0.304749671950443,-0.3047966825381729,-0.30272680381922956,3.30860979349648,-0.3043294980106471,-0.30310126808387927,-0.30404393730812174,-0.3044706439126479,-0.303321397845275,-0.28623757877971,-0.30275198752778326,3.3034801870664707,-0.3043389090832075,-0.30374877610419154,-0.30185395702337997,-0.29946947133981966,-0.3011121354061834,-0.3042918517966637,-0.3035162815034751,-0.9651494887959078,0.9651494887959079,-0.307589956721284,-0.3058891164576676,-0.2972984756364805,-0.2958782193434618,-0.28778485064642084,-0.2976424757887016,-0.29752146930260215,-0.2976361078536546,-0.30761487725243,-0.3076211071788437,3.252135516433052,-0.3076273370227194,24.0
0.16601760572567595,-0.14763389678194677,-0.20041365606323341,-0.3089803762722523,-0.6792109893640729,-0.11482333587655506,2.236246098691061,-0.5437990521321804,-0.42117336992996873,-0.29994801576264063,3.2966280048240897,-0.3018571111142733,-0.3021850168704932,-0.2844348789726559,-0.304749671950443,-0.3047966825381729,-0.30272680381922956,-0.30224174575244117,-0.3043294980106471,-0.30310126808387927,-0.30404393730812174,-0.3044706439126479,-0.303321397845275,3.4936013791872,-0.30275198752778326,-0.30271106329474073,-0.3043389090832075,-0.30374877610419154,-0.30185395702337997,-0.29946947133981966,-0.3011121354061834,-0.3042918517966637,-0.3035162815034751,1.0361089257246263,-1.0361089257246263,-0.307589956721284,-0.3058891164576676,-0.2972984756364805,-0.2958782193434618,3.4748180724378113,-0.2976424757887016,-0.29752146930260215,-0.2976361078536546,-0.30761487725243,-0.3076211071788437,-0.3074902613827119,-0.3076273370227194,30.0
-0.16141532307673503,-0.14763389678194677,-0.20041365606323341,-0.3089803762722523,1.4722965553550205,-0.11482333587655506,-0.44717797409924104,-0.5437990521321804,-0.42117336992996873,-0.29994801576264063,-0.30334026118101864,3.3128257151491525,-0.3021850168704932,-0.2844348789726559,-0.304749671950443,-0.3047966825381729,-0.30272680381922956,-0.30224174575244117,-0.3043294980106471,-0.30310126808387927,-0.30404393730812174,3.2843888893501942,-0.303321397845275,-0.28623757877971,-0.30275198752778326,-0.30271106329474073,-0.3043389090832075,-0.30374877610419154,-0.30185395702337997,-0.29946947133981966,-0.3011121354061834,-0.3042918517966637,-0.3035162815034751,1.0361089257246263,-1.0361089257246263,-0.307589956721284,-0.3058891164576676,-0.2972984756364805,-0.2958782193434618,-0.28778485064642084,-0.2976424757887016,3.36110198146045,-0.2976361078536546,-0.30761487725243,-0.3076211071788437,-0.3074902613827119,-0.3076273370227194,13.5
0.3393644503857761,-0.14763389678194677,-0.20041365606323341,-0.3089803762722523,-0.6792109893640729,-0.11482333587655506,-0.44717797409924104,-0.5437990521321804,2.3743191554733776,-0.29994801576264063,3.2966280048240897,-0.3018571111142733,-0.3021850168704932,-0.2844348789726559,-0.304749671950443,-0.3047966825381729,-0.30272680381922956,-0.30224174575244117,-0.3043294980106471,-0.30310126808387927,-0.30404393730812174,-0.3044706439126479,-0.303321397845275,-0.28623757877971,-0.30275198752778326,-0.30271106329474073,-0.3043389090832075,-0.30374877610419154,-0.30185395702337997,3.339238539160678,-0.3011121354061834,-0.3042918517966637,-0.3035162815034751,1.0361089257246263,-1.0361089257246263,-0.307589956721284,-0.3058891164576676,-0.2972984756364805,-0.2958782193434618,-0.28778485064642084,-0.2976424757887016,3.36110198146045,-0.2976361078536546,-0.30761487725243,-0.3076211071788437,-0.3074902613827119,-0.3076273370227194,13.5
-0.3925444492902017,-0.14763389678194677,-0.20041365606323341,-0.3089803762722523,1.4722965553550205,-0.11482333587655506,-0.44717797409924104,-0.5437990521321804,-0.42117336992996873,-0.29994801576264063,-0.30334026118101864,-0.3018571111142733,-0.3021850168704932,-0.2844348789726559,-0.304749671950443,-0.3047966825381729,-0.30272680381922956,-0.30224174575244117,-0.3043294980106471,-0.30310126808387927,3.2889983232475632,-0.3044706439126479,-0.303321397845275,-0.28623757877971,-0.30275198752778326,-0.30271106329474073,-0.3043389090832075,-0.30374877610419154,-0.30185395702337997,-0.29946947133981966,3.3210219131522414,-0.3042918517966637,-0.3035162815034751,-0.9651494887959078,0.9651494887959079,-0.307589956721284,3.2691584832453207,-0.2972984756364805,-0.2958782193434618,-0.28778485064642084,-0.2976424757887016,-0.29752146930260215,-0.2976361078536546,-0.30761487725243,-0.3076211071788437,-0.3074902613827119,-0.3076273370227194,30.5
-0.7392381386104016,-0.14763389678194677,-0.20041365606323341,-0.3089803762722523,1.4722965553550205,-0.11482333587655506,-0.44717797409924104,-0.5437990521321804,-0.42117336992996873,-0.29994801576264063,-0.30334026118101864,-0.3018571111142733,-0.3021850168704932,-0.2844348789726559,3.28138171109374,-0.3047966825381729,-0.30272680381922956,-0.30224174575244117,-0.3043294980106471,-0.30310126808387927,-0.30404393730812174,-0.3044706439126479,3.296833019707043,-0.28623757877971,-0.30275198752778326,-0.30271106329474073,-0.3043389090832075,-0.30374877610419154,-0.30185395702337997,-0.29946947133981966,-0.3011121354061834,-0.3042918517966637,-0.3035162815034751,1.0361089257246263,-1.0361089257246263,-0.307589956721284,-0.3058891164576676,-0.2972984756364805,-0.2958782193434618,3.4748180724378113,-0.2976424757887016,-0.29752146930260215,-0.2976361078536546,-0.30761487725243,-0.3076211071788437,-0.3074902613827119,-0.3076273370227194,27.5
-0.7488685188692961,-0.14763389678194677,-0.20041365606323341,3.2364514926956676,-0.6792109893640729,-0.11482333587655506,-0.44717797409924104,-0.5437990521321804,-0.42117336992996873,-0.29994801576264063,3.2966280048240897,-0.3018571111142733,-0.3021850168704932,-0.2844348789726559,-0.304749671950443,-0.3047966825381729,-0.30272680381922956,-0.30224174575244117,-0.3043294980106471,-0.30310126808387927,-0.30404393730812174,-0.3044706439126479,-0.303321397845275,-0.28623757877971,-0.30275198752778326,-0.30271106329474073,3.285810555779431,-0.30374877610419154,-0.30185395702337997,-0.29946947133981966,-0.3011121354061834,-0.3042918517966637,-0.3035162815034751,-0.9651494887959078,0.9651494887959079,-0.307589956721284,-0.3058891164576676,-0.2972984756364805,-0.2958782193434618,-0.28778485064642084,-0.2976424757887016,-0.29752146930260215,-0.2976361078536546,3.2508180648863614,-0.3076211071788437,-0.3074902613827119,-0.3076273370227194,7.5
-1.5770812211342184,-0.14763389678194677,-0.20041365606323341,-0.3089803762722523,1.4722965553550205,-0.11482333587655506,-0.44717797409924104,-0.5437990521321804,-0.42117336992996873,-0.29994801576264063,-0.30334026118101864,-0.3018571111142733,-0.3021850168704932,-0.2844348789726559,3.28138171109374,-0.3047966825381729,-0.30272680381922956,-0.30224174575244117,-0.3043294980106471,-0.30310126808387927,-0.30404393730812174,-0.3044706439126479,-0.303321397845275,-0.28623757877971,-0.30275198752778326,-0.30271106329474073,-0.3043389090832075,-0.30374877610419154,3.3128603310724394,-0.29946947133981966,-0.3011121354061834,-0.3042918517966637,-0.3035162815034751,-0.9651494887959078,0.9651494887959079,-0.307589956721284,-0.3058891164576676,-0.2972984756364805,-0.2958782193434618,-0.28778485064642084,-0.2976424757887016,-0.29752146930260215,-0.2976361078536546,-0.30761487725243,-0.3076211071788437,3.252135516433052,-0.3076273370227194,9.5
0.5801239568581372,-0.14763389678194677,-0.20041365606323341,-0.3089803762722523,-0.6792109893640729,-0.11482333587655506,-0.44717797409924104,1.838914569782904,-0.42117336992996873,-0.29994801576264063,-0.30334026118101864,-0.3018571111142733,3.3092309154049406,-0.2844348789726559,-0.304749671950443,-0.3047966825381729,-0.30272680381922956,-0.30224174575244117,-0.3043294980106471,-0.30310126808387927,-0.30404393730812174,-0.3044706439126479,-0.303321397845275,-0.28623757877971,-0.30275198752778326,-0.30271106329474073,-0.3043389090832075,-0.30374877610419154,-0.30185395702337997,-0.29946947133981966,-0.3011121354061834,-0.3042918517966637,3.2947161682611434,-0.9651494887959078,0.9651494887959079,-0.307589956721284,-0.3058891164576676,-0.2972984756364805,-0.2958782193434618,-0.28778485064642084,-0.2976424757887016,-0.29752146930260215,-0.2976361078536546,3.2508180648863614,-0.3076211071788437,-0.3074902613827119,-0.3076273370227194,10.0
0.35862521090356503,-0.14763389678194677,-0.20041365606323341,3.2364514926956676,-0.6792109893640729,-0.11482333587655506,-0.44717797409924104,-0.5437990521321804,-0.42117336992996873,-0.29994801576264063,-0.30334026118101864,-0.3018571111142733,-0.3021850168704932,-0.2844348789726559,-0.304749671950443,-0.3047966825381729,-0.30272680381922956,-0.30224174575244117,3.2859121660464665,-0.30310126808387927,-0.30404393730812174,-0.3044706439126479,3.296833019707043,-0.28623757877971,-0.30275198752778326,-0.30271106329474073,-0.3043389090832075,-0.30374877610419154,-0.30185395702337997,-0.29946947133981966,-0.3011121354061834,-0.3042918517966637,-0.3035162815034751,-0.9651494887959078,0.9651494887959079,-0.307589956721284,-0.3058891164576676,-0.2972984756364805,-0.2958782193434618,-0.28778485064642084,-0.2976424757887016,-0.29752146930260215,-0.2976361078536546,-0.30761487725243,-0.3076211071788437,-0.3074902613827119,3.250686397633596,10.5
-0.15178494281784058,-0.14763389678194677,-0.20041365606323341,-0.3089803762722523,-0.6792109893640729,-0.11482333587655506,-0.44717797409924104,1.838914569782904,-0.42117336992996873,-0.29994801576264063,3.2966280048240897,-0.3018571111142733,-0.3021850168704932,-0.2844348789726559,-0.304749671950443,-0.3047966825381729,-0.30272680381922956,-0.30224174575244117,-0.3043294980106471,-0.30310126808387927,-0.30404393730812174,-0.3044706439126479,-0.303321397845275,-0.28623757877971,-0.30275198752778326,-0.30271106329474073,-0.3043389090832075,-0.30374877610419154,-0.30185395702337997,3.339238539160678,-0.3011121354061834,-0.3042918517966637,-0.3035162815034751,-0.9651494887959078,0.9651494887959079,-0.307589956721284,3.2691584832453207,-0.2972984756364805,-0.2958782193434618,-0.28778485064642084,-0.2976424757887016,-0.29752146930260215,-0.2976361078536546,-0.30761487725243,-0.3076211071788437,-0.3074902613827119,-0.3076273370227194,26.0
1.3505543775696927,-0.14763389678194677,-0.20041365606323341,-0.3089803762722523,-0.6792109893640729,-0.11482333587655506,-0.44717797409924104,1.838914569782904,-0.42117336992996873,-0.29994801576264063,-0.30334026118101864,-0.3018571111142733,-0.3021850168704932,-0.2844348789726559,-0.304749671950443,-0.3047966825381729,-0.30272680381922956,-0.30224174575244117,3.2859121660464665,-0.30310126808387927,-0.30404393730812174,3.2843888893501942,-0.303321397845275,-0.28623757877971,-0.30275198752778326,-0.30271106329474073,-0.3043389090832075,-0.30374877610419154,-0.30185395702337997,-0.29946947133981966,-0.3011121354061834,-0.3042918517966637,-0.3035162815034751,-0.9651494887959078,0.9651494887959079,3.2510814418629694,-0.3058891164576676,-0.2972984756364805,-0.2958782193434618,-0.28778485064642084,-0.2976424757887016,-0.29752146930260215,-0.2976361078536546,-0.30761487725243,-0.3076211071788437,-0.3074902613827119,-0.3076273370227194,26.0
0.5512328160814541,-0.14763389678194677,-0.20041365606323341,-0.3089803762722523,1.4722965553550205,-0.11482333587655506,-0.44717797409924104,-0.5437990521321804,-0.42117336992996873,3.3339110360754476,-0.30334026118101864,-0.3018571111142733,-0.3021850168704932,-0.2844348789726559,-0.304749671950443,-0.3047966825381729,-0.30272680381922956,-0.30224174575244117,-0.3043294980106471,-0.30310126808387927,-0.30404393730812174,-0.3044706439126479,-0.303321397845275,-0.28623757877971,-0.30275198752778326,-0.30271106329474073,-0.3043389090832075,3.292194335153407,-0.30185395702337997,-0.29946947133981966,-0.3011121354061834,-0.3042918517966637,-0.3035162815034751,-0.9651494887959078,0.9651494887959079,3.2510814418629694,-0.3058891164576676,-0.2972984756364805,-0.2958782193434618,-0.28778485064642084,-0.2976424757887016,-0.29752146930260215,-0.2976361078536546,-0.30761487725243,-0.3076211071788437,-0.3074902613827119,-0.3076273370227194,25.0
-0.3251317874779405,-0.14763389678194677,-0.20041365606323341,-0.3089803762722523,1.4722965553550205,-0.11482333587655506,-0.44717797409924104,-0.5437990521321804,-0.42117336992996873,-0.29994801576264063,-0.30334026118101864,-0.3018571111142733,-0.3021850168704932,-0.2844348789726559,3.28138171109374,-0.3047966825381729,-0.30272680381922956,-0.30224174575244117,-0.3043294980106471,-0.30310126808387927,-0.30404393730812174,3.2843888893501942,-0.303321397845275,-0.28623757877971,-0.30275198752778326,-0.30271106329474073,-0.3043389090832075,-0.30374877610419154,-0.30185395702337997,-0.29946947133981966,-0.3011121354061834,-0.3042918517966637,-0.3035162815034751,-0.9651494887959078,0.9651494887959079,-0.307589956721284,-0.3058891164576676,-0.2972984756364805,-0.2958782193434618,-0.28778485064642084,-0.2976424757887016,-0.29752146930260215,-0.2976361078536546,-0.30761487725243,-0.3076211071788437,3.252135516433052,-0.3076273370227194,13.0
-0.8740634622349239,-0.14763389678194677,-0.20041365606323341,-0.3089803762722523,-0.6792109893640729,-0.11482333587655506,-0.44717797409924104,-0.5437990521321804,2.3743191554733776,-0.29994801576264063,-0.30334026118101864,-0.3018571111142733,-0.3021850168704932,-0.2844348789726559,3.28138171109374,-0.3047966825381729,-0.30272680381922956,-0.30224174575244117,-0.3043294980106471,-0.30310126808387927,-0.30404393730812174,-0.3044706439126479,3.296833019707043,-0.28623757877971,-0.30275198752778326,-0.30271106329474073,-0.3043389090832075,-0.30374877610419154,-0.30185395702337997,-0.29946947133981966,-0.3011121354061834,-0.3042918517966637,-0.3035162815034751,1.0361089257246263,-1.0361089257246263,-0.307589956721284,-0.3058891164576676,-0.2972984756364805,-0.2958782193434618,-0.28778485064642084,-0.2976424757887016,-0.29752146930260215,3.3598074078152247,-0.30761487725243,-0.3076211071788437,-0.3074902613827119,-0.3076273370227194,5.0
2.2654405021646657,-0.14763389678194677,-0.20041365606323341,-0.3089803762722523,-0.6792109893640729,-0.11482333587655506,2.236246098691061,-0.5437990521321804,-0.42117336992996873,-0.29994801576264063,-0.30334026118101864,-0.3018571111142733,-0.3021850168704932,3.515743229564102,-0.304749671950443,-0.3047966825381729,-0.30272680381922956,-0.30224174575244117,-0.3043294980106471,-0.30310126808387927,-0.30404393730812174,-0.3044706439126479,-0.303321397845275,-0.28623757877971,3.3030336420441535,-0.30271106329474073,-0.3043389090832075,-0.30374877610419154,-0.30185395702337997,-0.29946947133981966,-0.3011121354061834,-0.3042918517966637,-0.3035162815034751,-0.9651494887959078,0.9651494887959079,-0.307589956721284,-0.3058891164576676,-0.2972984756364805,-0.2958782193434618,-0.28778485064642084,-0.2976424757887016,-0.29752146930260215,-0.2976361078536546,-0.30761487725243,3.250752229490622,-0.3074902613827119,-0.3076273370227194,11.5
-1.1051925884483906,-0.14763389678194677,-0.20041365606323341,-0.3089803762722523,-0.6792109893640729,-0.11482333587655506,-0.44717797409924104,-0.5437990521321804,2.3743191554733776,-0.29994801576264063,-0.30334026118101864,-0.3018571111142733,-0.3021850168704932,-0.2844348789726559,-0.304749671950443,-0.3047966825381729,-0.30272680381922956,-0.30224174575244117,-0.3043294980106471,-0.30310126808387927,3.2889983232475632,-0.3044706439126479,-0.303321397845275,-0.28623757877971,-0.30275198752778326,-0.30271106329474073,-0.3043389090832075,3.292194335153407,-0.30185395702337997,-0.29946947133981966,-0.3011121354061834,-0.3042918517966637,-0.3035162815034751,-0.9651494887959078,0.9651494887959079,-0.307589956721284,-0.3058891164576676,-0.2972984756364805,-0.2958782193434618,-0.28778485064642084,-0.2976424757887016,-0.29752146930260215,-0.2976361078536546,-0.30761487725243,-0.3076211071788437,3.252135516433052,-0.3076273370227194,10.5
0.19490874650235954,-0.14763389678194677,-0.20041365606323341,-0.3089803762722523,-0.6792109893640729,-0.11482333587655506,-0.44717797409924104,1.838914569782904,-0.42117336992996873,3.3339110360754476,-0.30334026118101864,-0.3018571111142733,-0.3021850168704932,-0.2844348789726559,-0.304749671950443,-0.3047966825381729,-0.30272680381922956,-0.30224174575244117,-0.3043294980106471,-0.30310126808387927,-0.30404393730812174,-0.3044706439126479,-0.303321397845275,-0.28623757877971,-0.30275198752778326,-0.30271106329474073,-0.3043389090832075,3.292194335153407,-0.30185395702337997,-0.29946947133981966,-0.3011121354061834,-0.3042918517966637,-0.3035162815034751,-0.9651494887959078,0.9651494887959079,-0.307589956721284,-0.3058891164576676,-0.2972984756364805,-0.2958782193434618,-0.28778485064642084,-0.2976424757887016,-0.29752146930260215,-0.2976361078536546,-0.30761487725243,3.250752229490622,-0.3074902613827119,-0.3076273370227194,9.5
-0.7488685188692961,-0.14763389678194677,-0.20041365606323341,-0.3089803762722523,1.4722965553550205,-0.11482333587655506,-0.44717797409924104,-0.5437990521321804,-0.42117336992996873,3.3339110360754476,-0.30334026118101864,-0.3018571111142733,-0.3021850168704932,-0.2844348789726559,-0.304749671950443,-0.3047966825381729,-0.30272680381922956,-0.30224174575244117,-0.3043294980106471,-0.30310126808387927,-0.30404393730812174,-0.3044706439126479,-0.303321397845275,-0.28623757877971,-0.30275198752778326,-0.30271106329474073,-0.3043389090832075,-0.30374877610419154,-0.30185395702337997,-0.29946947133981966,3.3210219131522414,-0.3042918517966637,-0.3035162815034751,1.0361089257246263,-1.0361089257246263,-0.307589956721284,-0.3058891164576676,-0.2972984756364805,3.379768886736399,-0.28778485064642084,-0.2976424757887016,-0.29752146930260215,-0.2976361078536546,-0.30761487725243,-0.3076211071788437,-0.3074902613827119,-0.3076273370227194,16.5
0.6764277594470818,-0.14763389678194677,-0.20041365606323341,-0.3089803762722523,-0.6792109893640729,-0.11482333587655506,-0.44717797409924104,1.838914569782904,-0.42117336992996873,-0.29994801576264063,3.2966280048240897,-0.3018571111142733,-0.3021850168704932,-0.2844348789726559,-0.304749671950443,-0.3047966825381729,-0.30272680381922956,-0.30224174575244117,-0.3043294980106471,-0.30310126808387927,-0.30404393730812174,-0.3044706439126479,-0.303321397845275,-0.28623757877971,-0.30275198752778326,-0.30271106329474073,-0.3043389090832075,-0.30374877610419154,-0.30185395702337997,3.339238539160678,-0.3011121354061834,-0.3042918517966637,-0.3035162815034751,-0.9651494887959078,0.9651494887959079,3.2510814418629694,-0.3058891164576676,-0.2972984756364805,-0.2958782193434618,-0.28778485064642084,-0.2976424757887016,-0.29752146930260215,-0.2976361078536546,-0.30761487725243,-0.3076211071788437,-0.3074902613827119,-0.3076273370227194,23.5
-0.5658912939503017,-0.14763389678194677,-0.20041365606323341,3.2364514926956676,-0.6792109893640729,-0.11482333587655506,-0.44717797409924104,-0.5437990521321804,-0.42117336992996873,-0.29994801576264063,-0.30334026118101864,-0.3018571111142733,-0.3021850168704932,-0.2844348789726559,-0.304749671950443,3.2808756042637026,-0.30272680381922956,-0.30224174575244117,-0.3043294980106471,-0.30310126808387927,-0.30404393730812174,-0.3044706439126479,-0.303321397845275,-0.28623757877971,-0.30275198752778326,-0.30271106329474073,-0.3043389090832075,-0.30374877610419154,-0.30185395702337997,-0.29946947133981966,-0.3011121354061834,3.2863186907424264,-0.3035162815034751,1.0361089257246263,-1.0361089257246263,-0.307589956721284,-0.3058891164576676,-0.2972984756364805,-0.2958782193434618,-0.28778485064642084,-0.2976424757887016,-0.29752146930260215,3.3598074078152247,-0.30761487725243,-0.3076211071788437,-0.3074902613827119,-0.3076273370227194,7.0
-1.6733850237231627,-0.14763389678194677,-0.20041365606323341,-0.3089803762722523,-0.6792109893640729,-0.11482333587655506,-0.44717797409924104,1.838914569782904,-0.42117336992996873,-0.29994801576264063,-0.30334026118101864,-0.3018571111142733,-0.3021850168704932,3.515743229564102,-0.304749671950443,-0.3047966825381729,-0.30272680381922956,-0.30224174575244117,-0.3043294980106471,-0.30310126808387927,-0.30404393730812174,-0.3044706439126479,-0.303321397845275,-0.28623757877971,-0.30275198752778326,-0.30271106329474073,-0.3043389090832075,-0.30374877610419154,-0.30185395702337997,-0.29946947133981966,3.3210219131522414,-0.3042918517966637,-0.3035162815034751,-0.9651494887959078,0.9651494887959079,3.2510814418629694,-0.3058891164576676,-0.2972984756364805,-0.2958782193434618,-0.28778485064642084,-0.2976424757887016,-0.29752146930260215,-0.2976361078536546,-0.30761487725243,-0.3076211071788437,-0.3074902613827119,-0.3076273370227194,16.0
-0.8162811806815572,5.840947129661123,-0.20041365606323341,-0.3089803762722523,-0.6792109893640729,-0.11482333587655506,2.236246098691061,-0.5437990521321804,-0.42117336992996873,-0.29994801576264063,-0.30334026118101864,-0.3018571111142733,-0.3021850168704932,-0.2844348789726559,3.28138171109374,-0.3047966825381729,-0.30272680381922956,-0.30224174575244117,-0.3043294980106471,-0.30310126808387927,-0.30404393730812174,-0.3044706439126479,-0.303321397845275,-0.28623757877971,-0.30275198752778326,-0.30271106329474073,-0.3043389090832075,-0.30374877610419154,-0.30185395702337997,-0.29946947133981966,-0.3011121354061834,3.2863186907424264,-0.3035162815034751,1.0361089257246263,-1.0361089257246263,-0.307589956721284,-0.3058891164576676,-0.2972984756364805,3.379768886736399,-0.28778485064642084,-0.2976424757887016,-0.29752146930260215,-0.2976361078536546,-0.30761487725243,-0.3076211071788437,-0.3074902613827119,-0.3076273370227194,22.5
-1.0955622081894962,-0.14763389678194677,-0.20041365606323341,3.2364514926956676,-0.6792109893640729,-0.11482333587655506,-0.44717797409924104,-0.5437990521321804,-0.42117336992996873,-0.29994801576264063,-0.30334026118101864,-0.3018571111142733,-0.3021850168704932,-0.2844348789726559,3.28138171109374,-0.3047966825381729,-0.30272680381922956,-0.30224174575244117,-0.3043294980106471,-0.30310126808387927,-0.30404393730812174,-0.3044706439126479,-0.303321397845275,-0.28623757877971,-0.30275198752778326,3.3034801870664707,-0.3043389090832075,-0.30374877610419154,-0.30185395702337997,-0.29946947133981966,-0.3011121354061834,-0.3042918517966637,-0.3035162815034751,-0.9651494887959078,0.9651494887959079,-0.307589956721284,-0.3058891164576676,-0.2972984756364805,-0.2958782193434618,-0.28778485064642084,-0.2976424757887016,-0.29752146930260215,-0.2976361078536546,-0.30761487725243,-0.3076211071788437,-0.3074902613827119,3.250686397633596,7.0
0.4741897740102985,-0.14763389678194677,-0.20041365606323341,-0.3089803762722523,-0.6792109893640729,-0.11482333587655506,-0.44717797409924104,1.838914569782904,-0.42117336992996873,-0.29994801576264063,-0.30334026118101864,-0.3018571111142733,-0.3021850168704932,-0.2844348789726559,-0.304749671950443,-0.3047966825381729,-0.30272680381922956,3.30860979349648,-0.3043294980106471,-0.30310126808387927,-0.30404393730812174,-0.3044706439126479,3.296833019707043,-0.28623757877971,-0.30275198752778326,-0.30271106329474073,-0.3043389090832075,-0.30374877610419154,-0.30185395702337997,-0.29946947133981966,-0.3011121354061834,-0.3042918517966637,-0.3035162815034751,-0.9651494887959078,0.9651494887959079,3.2510814418629694,-0.3058891164576676,-0.2972984756364805,-0.2958782193434618,-0.28778485064642084,-0.2976424757887016,-0.29752146930260215,-0.2976361078536546,-0.30761487725243,-0.3076211071788437,-0.3074902613827119,-0.3076273370227194,23.5
-0.7488685188692961,-0.14763389678194677,4.989679943189526,-0.3089803762722523,-0.6792109893640729,-0.11482333587655506,-0.44717797409924104,-0.5437990521321804,-0.42117336992996873,-0.29994801576264063,3.2966280048240897,-0.3018571111142733,-0.3021850168704932,-0.2844348789726559,-0.304749671950443,-0.3047966825381729,-0.30272680381922956,-0.30224174575244117,-0.3043294980106471,-0.30310126808387927,-0.30404393730812174,-0.3044706439126479,-0.303321397845275,-0.28623757877971,-0.30275198752778326,-0.30271106329474073,3.285810555779431,-0.30374877610419154,-0.30185395702337997,-0.29946947133981966,-0.3011121354061834,-0.3042918517966637,-0.3035162815034751,-0.9651494887959078,0.9651494887959079,-0.307589956721284,3.2691584832453207,-0.2972984756364805,-0.2958782193434618,-0.28778485064642084,-0.2976424757887016,-0.29752146930260215,-0.2976361078536546,-0.30761487725243,-0.3076211071788437,-0.3074902613827119,-0.3076273370227194,27.5
-1.201496391037335,-0.14763389678194677,-0.20041365606323341,-0.3089803762722523,1.4722965553550205,-0.11482333587655506,-0.44717797409924104,-0.5437990521321804,-0.42117336992996873,-0.29994801576264063,-0.30334026118101864,-0.3018571111142733,-0.3021850168704932,-0.2844348789726559,-0.304749671950443,-0.3047966825381729,3.3033084199479754,-0.30224174575244117,-0.3043294980106471,-0.30310126808387927,-0.30404393730812174,-0.3044706439126479,-0.303321397845275,-0.28623757877971,-0.30275198752778326,-0.30271106329474073,3.285810555779431,-0.30374877610419154,-0.30185395702337997,-0.29946947133981966,-0.3011121354061834,-0.3042918517966637,-0.3035162815034751,1.0361089257246263,-1.0361089257246263,-0.307589956721284,-0.3058891164576676,3.3636230319012568,-0.2958782193434618,-0.28778485064642084,-0.2976424757887016,-0.29752146930260215,-0.2976361078536546,-0.30761487725243,-0.3076211071788437,-0.3074902613827119,-0.3076273370227194,13.5
0.9460784066961261,11.829528156104193,-0.20041365606323341,-0.3089803762722523,1.4722965553550205,-0.11482333587655506,-0.44717797409924104,-0.5437990521321804,-0.42117336992996873,-0.29994801576264063,-0.30334026118101864,-0.3018571111142733,-0.3021850168704932,-0.2844348789726559,-0.304749671950443,-0.3047966825381729,-0.30272680381922956,-0.30224174575244117,-0.3043294980106471,3.2992273715043083,-0.30404393730812174,-0.3044706439126479,-0.303321397845275,-0.28623757877971,3.3030336420441535,-0.30271106329474073,-0.3043389090832075,-0.30374877610419154,-0.30185395702337997,-0.29946947133981966,-0.3011121354061834,-0.3042918517966637,-0.3035162815034751,1.0361089257246263,-1.0361089257246263,-0.307589956721284,-0.3058891164576676,3.3636230319012568,-0.2958782193434618,-0.28778485064642084,-0.2976424757887016,-0.29752146930260215,-0.2976361078536546,-0.30761487725243,-0.3076211071788437,-0.3074902613827119,-0.3076273370227194,38.0
0.9171872659194429,5.840947129661123,-0.20041365606323341,-0.3089803762722523,1.4722965553550205,-0.11482333587655506,-0.44717797409924104,-0.5437990521321804,-0.42117336992996873,-0.29994801576264063,-0.30334026118101864,-0.3018571111142733,-0.3021850168704932,-0.2844348789726559,-0.304749671950443,-0.3047966825381729,-0.30272680381922956,-0.30224174575244117,-0.3043294980106471,3.2992273715043083,-0.30404393730812174,-0.3044706439126479,-0.303321397845275,3.4936013791872,-0.30275198752778326,-0.30271106329474073,-0.3043389090832075,-0.30374877610419154,-0.30185395702337997,-0.29946947133981966,-0.3011121354061834,-0.3042918517966637,-0.3035162815034751,1.0361089257246263,-1.0361089257246263,-0.307589956721284,-0.3058891164576676,-0.2972984756364805,-0.2958782193434618,-0.28778485064642084,3.359735526154896,-0.29752146930260215,-0.2976361078536546,-0.30761487725243,-0.3076211071788437,-0.3074902613827119,-0.3076273370227194,16.5
-0.15178494281784058,-0.14763389678194677,-0.20041365606323341,-0.3089803762722523,-0.6792109893640729,-0.11482333587655506,-0.44717797409924104,1.838914569782904,-0.42117336992996873,-0.29994801576264063,-0.30334026118101864,-0.3018571111142733,-0.3021850168704932,-0.2844348789726559,-0.304749671950443,-0.3047966825381729,-0.30272680381922956,3.30860979349648,-0.3043294980106471,-0.30310126808387927,-0.30404393730812174,-0.3044706439126479,-0.303321397845275,-0.28623757877971,-0.30275198752778326,-0.30271106329474073,-0.3043389090832075,-0.30374877610419154,-0.30185395702337997,-0.29946947133981966,-0.3011121354061834,3.2863186907424264,-0.3035162815034751,1.0361089257246263,-1.0361089257246263,-0.307589956721284,-0.3058891164576676,-0.2972984756364805,-0.2958782193434618,-0.28778485064642084,3.359735526154896,-0.29752146930260215,-0.2976361078536546,-0.30761487725243,-0.3076211071788437,-0.3074902613827119,-0.3076273370227194,10.5
-0.2673495059245738,-0.14763389678194677,-0.20041365606323341,-0.3089803762722523,-0.6792109893640729,-0.11482333587655506,-0.44717797409924104,1.838914569782904,-0.42117336992996873,-0.29994801576264063,-0.30334026118101864,-0.3018571111142733,-0.3021850168704932,-0.2844348789726559,-0.304749671950443,-0.3047966825381729,-0.30272680381922956,-0.30224174575244117,3.2859121660464665,-0.30310126808387927,-0.30404393730812174,-0.3044706439126479,-0.303321397845275,-0.28623757877971,-0.30275198752778326,-0.30271106329474073,-0.3043389090832075,-0.30374877610419154,-0.30185395702337997,-0.29946947133981966,-0.3011121354061834,-0.3042918517966637,3.2947161682611434,1.0361089257246263,-1.0361089257246263,-0.307589956721284,-0.3058891164576676,-0.2972984756364805,-0.2958782193434618,-0.28778485064642084,-0.2976424757887016,-0.29752146930260215,3.3598074078152247,-0.30761487725243,-0.3076211071788437,-0.3074902613827119,-0.3076273370227194,5.0
0.8497746041071815,-0.14763389678194677,-0.20041365606323341,-0.3089803762722523,-0.6792109893640729,-0.11482333587655506,2.236246098691061,-0.5437990521321804,-0.42117336992996873,-0.29994801576264063,-0.30334026118101864,-0.3018571111142733,-0.3021850168704932,-0.2844348789726559,-0.304749671950443,-0.3047966825381729,3.3033084199479754,-0.30224174575244117,-0.3043294980106471,-0.30310126808387927,-0.30404393730812174,-0.3044706439126479,-0.303321397845275,3.4936013791872,-0.30275198752778326,-0.30271106329474073,-0.3043389090832075,-0.30374877610419154,-0.30185395702337997,-0.29946947133981966,-0.3011121354061834,-0.3042918517966637,-0.3035162815034751,-0.9651494887959078,0.9651494887959079,-0.307589956721284,-0.3058891164576676,-0.2972984756364805,-0.2958782193434618,-0.28778485064642084,-0.2976424757887016,-0.29752146930260215,-0.2976361078536546,-0.30761487725243,-0.3076211071788437,-0.3074902613827119,3.250686397633596,9.5
-0.11326342178226298,-0.14763389678194677,-0.20041365606323341,-0.3089803762722523,-0.6792109893640729,-0.11482333587655506,2.236246098691061,-0.5437990521321804,-0.42117336992996873,-0.29994801576264063,-0.30334026118101864,-0.3018571111142733,-0.3021850168704932,-0.2844348789726559,-0.304749671950443,-0.3047966825381729,-0.30272680381922956,3.30860979349648,-0.3043294980106471,-0.30310126808387927,-0.30404393730812174,-0.3044706439126479,-0.303321397845275,-0.28623757877971,-0.30275198752778326,-0.30271106329474073,-0.3043389090832075,-0.30374877610419154,-0.30185395702337997,-0.29946947133981966,-0.3011121354061834,3.2863186907424264,-0.3035162815034751,1.0361089257246263,-1.0361089257246263,-0.307589956721284,-0.3058891164576676,-0.2972984756364805,-0.2958782193434618,-0.28778485064642084,-0.2976424757887016,3.36110198146045,-0.2976361078536546,-0.30761487725243,-0.3076211071788437,-0.3074902613827119,-0.3076273370227194,13.5
0.7149492804826596,-0.14763389678194677,-0.20041365606323341,-0.3089803762722523,1.4722965553550205,-0.11482333587655506,-0.44717797409924104,-0.5437990521321804,-0.42117336992996873,-0.29994801576264063,-0.30334026118101864,-0.3018571111142733,-0.3021850168704932,3.515743229564102,-0.304749671950443,-0.3047966825381729,-0.30272680381922956,-0.30224174575244117,-0.3043294980106471,-0.30310126808387927,-0.30404393730812174,-0.3044706439126479,-0.303321397845275,-0.28623757877971,-0.30275198752778326,-0.30271106329474073,-0.3043389090832075,-0.30374877610419154,-0.30185395702337997,3.339238539160678,-0.3011121354061834,-0.3042918517966637,-0.3035162815034751,-0.9651494887959078,0.9651494887959079,-0.307589956721284,3.2691584832453207,-0.2972984756364805,-0.2958782193434618,-0.28778485064642084,-0.2976424757887016,-0.29752146930260215,-0.2976361078536546,-0.30761487725243,-0.3076211071788437,-0.3074902613827119,-0.3076273370227194,30.5
-1.4133647567330128,-0.14763389678194677,-0.20041365606323341,3.2364514926956676,-0.6792109893640729,-0.11482333587655506,-0.44717797409924104,-0.5437990521321804,-0.42117336992996873,-0.29994801576264063,-0.30334026118101864,-0.3018571111142733,-0.3021850168704932,-0.2844348789726559,3.28138171109374,-0.3047966825381729,-0.30272680381922956,-0.30224174575244117,-0.3043294980106471,-0.30310126808387927,-0.30404393730812174,-0.3044706439126479,-0.303321397845275,-0.28623757877971,-0.30275198752778326,-0.30271106329474073,-0.3043389090832075,-0.30374877610419154,-0.30185395702337997,-0.29946947133981966,-0.3011121354061834,-0.3042918517966637,3.2947161682611434,1.0361089257246263,-1.0361089257246263,-0.307589956721284,-0.3058891164576676,3.3636230319012568,-0.2958782193434618,-0.28778485064642084,-0.2976424757887016,-0.29752146930260215,-0.2976361078536546,-0.30761487725243,-0.3076211071788437,-0.3074902613827119,-0.3076273370227194,10.5
0.43566825297472067,-0.14763389678194677,-0.20041365606323341,-0.3089803762722523,-0.6792109893640729,-0.11482333587655506,-0.44717797409924104,-0.5437990521321804,2.3743191554733776,-0.29994801576264063,-0.30334026118101864,-0.3018571111142733,-0.3021850168704932,-0.2844348789726559,-0.304749671950443,-0.3047966825381729,-0.30272680381922956,-0.30224174575244117,3.2859121660464665,-0.30310126808387927,-0.30404393730812174,-0.3044706439126479,3.296833019707043,-0.28623757877971,-0.30275198752778326,-0.30271106329474073,-0.3043389090832075,-0.30374877610419154,-0.30185395702337997,-0.29946947133981966,-0.3011121354061834,-0.3042918517966637,-0.3035162815034751,-0.9651494887959078,0.9651494887959079,-0.307589956721284,3.2691584832453207,-0.2972984756364805,-0.2958782193434618,-0.28778485064642084,-0.2976424757887016,-0.29752146930260215,-0.2976361078536546,-0.30761487725243,-0.3076211071788437,-0.3074902613827119,-0.3076273370227194,30.5
-0.9318457437882907,-0.14763389678194677,-0.20041365606323341,-0.3089803762722523,-0.6792109893640729,-0.11482333587655506,-0.44717797409924104,1.838914569782904,-0.42117336992996873,-0.29994801576264063,-0.30334026118101864,-0.3018571111142733,-0.3021850168704932,-0.2844348789726559,3.28138171109374,-0.3047966825381729,-0.30272680381922956,-0.30224174575244117,-0.3043294980106471,-0.30310126808387927,-0.30404393730812174,-0.3044706439126479,-0.303321397845275,-0.28623757877971,-0.30275198752778326,-0.30271106329474073,-0.3043389090832075,-0.30374877610419154,-0.30185395702337997,-0.29946947133981966,-0.3011121354061834,3.2863186907424264,-0.3035162815034751,-0.9651494887959078,0.9651494887959079,-0.307589956721284,-0.3058891164576676,-0.2972984756364805,-0.2958782193434618,-0.28778485064642084,-0.2976424757887016,-0.29752146930260215,-0.2976361078536546,-0.30761487725243,-0.3076211071788437,3.252135516433052,-0.3076273370227194,12.5
-1.1822356305195463,-0.14763389678194677,-0.20041365606323341,-0.3089803762722523,-0.6792109893640729,-0.11482333587655506,-0.44717797409924104,-0.5437990521321804,2.3743191554733776,-0.29994801576264063,-0.30334026118101864,-0.3018571111142733,-0.3021850168704932,-0.2844348789726559,-0.304749671950443,-0.3047966825381729,-0.30272680381922956,-0.30224174575244117,-0.3043294980106471,-0.30310126808387927,3.2889983232475632,-0.3044706439126479,-0.303321397845275,-0.28623757877971,-0.30275198752778326,-0.30271106329474073,3.285810555779431,-0.30374877610419154,-0.30185395702337997,-0.29946947133981966,-0.3011121354061834,-0.3042918517966637,-0.3035162815034751,1.0361089257246263,-1.0361089257246263,-0.307589956721284,-0.3058891164576676,-0.2972984756364805,3.379768886736399,-0.28778485064642084,-0.2976424757887016,-0.29752146930260215,-0.2976361078536546,-0.30761487725243,-0.3076211071788437,-0.3074902613827119,-0.3076273370227194,16.5
0.8882961251427594,-0.14763389678194677,-0.20041365606323341,-0.3089803762722523,1.4722965553550205,-0.11482333587655506,-0.44717797409924104,-0.5437990521321804,-0.42117336992996873,-0.29994801576264063,-0.30334026118101864,-0.3018571111142733,-0.3021850168704932,-0.2844348789726559,-0.304749671950443,-0.3047966825381729,3.3033084199479754,-0.30224174575244117,-0.3043294980106471,-0.30310126808387927,-0.30404393730812174,-0.3044706439126479,-0.303321397845275,-0.28623757877971,3.3030336420441535,-0.30271106329474073,-0.3043389090832075,-0.30374877610419154,-0.30185395702337997,-0.29946947133981966,-0.3011121354061834,-0.3042918517966637,-0.3035162815034751,-0.9651494887959078,0.9651494887959079,-0.307589956721284,-0.3058891164576676,-0.2972984756364805,-0.2958782193434618,-0.28778485064642084,-0.2976424757887016,-0.29752146930260215,-0.2976361078536546,-0.30761487725243,3.250752229490622,-0.3074902613827119,-0.3076273370227194,10.5
-0.7970204201637683,-0.14763389678194677,-0.20041365606323341,-0.3089803762722523,-0.6792109893640729,-0.11482333587655506,2.236246098691061,-0.5437990521321804,-0.42117336992996873,-0.29994801576264063,-0.30334026118101864,-0.3018571111142733,-0.3021850168704932,-0.2844348789726559,-0.304749671950443,-0.3047966825381729,-0.30272680381922956,3.30860979349648,-0.3043294980106471,-0.30310126808387927,-0.30404393730812174,3.2843888893501942,-0.303321397845275,-0.28623757877971,-0.30275198752778326,-0.30271106329474073,-0.3043389090832075,-0.30374877610419154,-0.30185395702337997,-0.29946947133981966,-0.3011121354061834,-0.3042918517966637,-0.3035162815034751,1.0361089257246263,-1.0361089257246263,-0.307589956721284,-0.3058891164576676,-0.2972984756364805,-0.2958782193434618,3.4748180724378113,-0.2976424757887016,-0.29752146930260215,-0.2976361078536546,-0.30761487725243,-0.3076211071788437,-0.3074902613827119,-0.3076273370227194,27.5
0.18527836624346486,-0.14763389678194677,-0.20041365606323341,-0.3089803762722523,-0.6792109893640729,-0.11482333587655506,-0.44717797409924104,-0.5437990521321804,2.3743191554733776,-0.29994801576264063,3.2966280048240897,-0.3018571111142733,-0.3021850168704932,-0.2844348789726559,-0.304749671950443,-0.3047966825381729,-0.30272680381922956,-0.30224174575244117,-0.3043294980106471,-0.30310126808387927,-0.30404393730812174,-0.3044706439126479,-0.303321397845275,-0.28623757877971,3.3030336420441535,-0.30271106329474073,-0.3043389090832075,-0.30374877610419154,-0.30185395702337997,-0.29946947133981966,-0.3011121354061834,-0.3042918517966637,-0.3035162815034751,-0.9651494887959078,0.9651494887959079,-0.307589956721284,-0.3058891164576676,-0.2972984756364805,-0.2958782193434618,-0.28778485064642084,-0.2976424757887016,-0.29752146930260215,-0.2976361078536546,-0.30761487725243,-0.3076211071788437,-0.3074902613827119,3.250686397633596,8.5
-0.2095672243712073,-0.14763389678194677,-0.20041365606323341,-0.3089803762722523,1.4722965553550205,-0.11482333587655506,-0.44717797409924104,-0.5437990521321804,-0.42117336992996873,-0.29994801576264063,-0.30334026118101864,-0.3018571111142733,-0.3021850168704932,-0.2844348789726559,-0.304749671950443,-0.3047966825381729,-0.30272680381922956,3.30860979349648,-0.3043294980106471,-0.30310126808387927,-0.30404393730812174,-0.3044706439126479,-0.303321397845275,-0.28623757877971,-0.30275198752778326,-0.30271106329474073,-0.3043389090832075,-0.30374877610419154,-0.30185395702337997,-0.29946947133981966,-0.3011121354061834,3.2863186907424264,-0.3035162815034751,-0.9651494887959078,0.9651494887959079,-0.307589956721284,3.2691584832453207,-0.2972984756364805,-0.2958782193434618,-0.28778485064642084,-0.2976424757887016,-0.29752146930260215,-0.2976361078536546,-0.30761487725243,-0.3076211071788437,-0.3074902613827119,-0.3076273370227194,26.0
0.3201036898679872,-0.14763389678194677,-0.20041365606323341,-0.3089803762722523,-0.6792109893640729,-0.11482333587655506,2.236246098691061,-0.5437990521321804,-0.42117336992996873,-0.29994801576264063,-0.30334026118101864,-0.3018571111142733,3.3092309154049406,-0.2844348789726559,-0.304749671950443,-0.3047966825381729,-0.30272680381922956,-0.30224174575244117,-0.3043294980106471,-0.30310126808387927,-0.30404393730812174,-0.3044706439126479,3.296833019707043,-0.28623757877971,-0.30275198752778326,-0.30271106329474073,-0.3043389090832075,-0.30374877610419154,-0.30185395702337997,-0.29946947133981966,-0.3011121354061834,-0.3042918517966637,-0.3035162815034751,-0.9651494887959078,0.9651494887959079,-0.307589956721284,-0.3058891164576676,-0.2972984756364805,-0.2958782193434618,-0.28778485064642084,-0.2976424757887016,-0.29752146930260215,-0.2976361078536546,-0.30761487725243,-0.3076211071788437,-0.3074902613827119,3.250686397633596,9.5
0.6956885199648707,-0.14763389678194677,-0.20041365606323341,-0.3089803762722523,1.4722965553550205,-0.11482333587655506,-0.44717797409924104,-0.5437990521321804,-0.42117336992996873,-0.29994801576264063,-0.30334026118101864,-0.3018571111142733,-0.3021850168704932,-0.2844348789726559,-0.304749671950443,-0.3047966825381729,-0.30272680381922956,-0.30224174575244117,-0.3043294980106471,-0.30310126808387927,3.2889983232475632,-0.3044706439126479,-0.303321397845275,3.4936013791872,-0.30275198752778326,-0.30271106329474073,-0.3043389090832075,-0.30374877610419154,-0.30185395702337997,-0.29946947133981966,-0.3011121354061834,-0.3042918517966637,-0.3035162815034751,1.0361089257246263,-1.0361089257246263,-0.307589956721284,-0.3058891164576676,3.3636230319012568,-0.2958782193434618,-0.28778485064642084,-0.2976424757887016,-0.29752146930260215,-0.2976361078536546,-0.30761487725243,-0.3076211071788437,-0.3074902613827119,-0.3076273370227194,19.5
-0.11326342178226298,-0.14763389678194677,-0.20041365606323341,-0.3089803762722523,1.4722965553550205,-0.11482333587655506,-0.44717797409924104,-0.5437990521321804,-0.42117336992996873,-0.29994801576264063,-0.30334026118101864,-0.3018571111142733,-0.3021850168704932,-0.2844348789726559,-0.304749671950443,-0.3047966825381729,-0.30272680381922956,3.30860979349648,-0.3043294980106471,-0.30310126808387927,-0.30404393730812174,-0.3044706439126479,-0.303321397845275,-0.28623757877971,-0.30275198752778326,-0.30271106329474073,-0.3043389090832075,-0.30374877610419154,-0.30185395702337997,-0.29946947133981966,-0.3011121354061834,3.2863186907424264,-0.3035162815034751,1.0361089257246263,-1.0361089257246263,-0.307589956721284,-0.3058891164576676,-0.2972984756364805,-0.2958782193434618,3.4748180724378113,-0.2976424757887016,-0.29752146930260215,-0.2976361078536546,-0.30761487725243,-0.3076211071788437,-0.3074902613827119,-0.3076273370227194,27.5
-0.6044128149858795,-0.14763389678194677,4.989679943189526,-0.3089803762722523,-0.6792109893640729,-0.11482333587655506,-0.44717797409924104,-0.5437990521321804,-0.42117336992996873,-0.29994801576264063,-0.30334026118101864,-0.3018571111142733,-0.3021850168704932,-0.2844348789726559,-0.304749671950443,-0.3047966825381729,-0.30272680381922956,-0.30224174575244117,3.2859121660464665,-0.30310126808387927,-0.30404393730812174,-0.3044706439126479,-0.303321397845275,-0.28623757877971,-0.30275198752778326,-0.30271106329474073,-0.3043389090832075,-0.30374877610419154,3.3128603310724394,-0.29946947133981966,-0.3011121354061834,-0.3042918517966637,-0.3035162815034751,-0.9651494887959078,0.9651494887959079,-0.307589956721284,-0.3058891164576676,-0.2972984756364805,-0.2958782193434618,-0.28778485064642084,-0.2976424757887016,-0.29752146930260215,-0.2976361078536546,-0.30761487725243,3.250752229490622,-0.3074902613827119,-0.3076273370227194,8.5
2.2076582206112985,-0.14763389678194677,-0.20041365606323341,-0.3089803762722523,-0.6792109893640729,-0.11482333587655506,2.236246098691061,-0.5437990521321804,-0.42117336992996873,-0.29994801576264063,-0.30334026118101864,-0.3018571111142733,3.3092309154049406,-0.2844348789726559,-0.304749671950443,-0.3047966825381729,-0.30272680381922956,-0.30224174575244117,-0.3043294980106471,-0.30310126808387927,-0.30404393730812174,-0.3044706439126479,-0.303321397845275,-0.28623757877971,-0.30275198752778326,3.3034801870664707,-0.3043389090832075,-0.30374877610419154,-0.30185395702337997,-0.29946947133981966,-0.3011121354061834,-0.3042918517966637,-0.3035162815034751,-0.9651494887959078,0.9651494887959079,-0.307589956721284,-0.3058891164576676,-0.2972984756364805,-0.2958782193434618,-0.28778485064642084,-0.2976424757887016,-0.29752146930260215,-0.2976361078536546,-0.30761487725243,-0.3076211071788437,-0.3074902613827119,3.250686397633596,12.5
1.2735113354985375,-0.14763389678194677,-0.20041365606323341,-0.3089803762722523,-0.6792109893640729,-0.11482333587655506,-0.44717797409924104,-0.5437990521321804,2.3743191554733776,3.3339110360754476,-0.30334026118101864,-0.3018571111142733,-0.3021850168704932,-0.2844348789726559,-0.304749671950443,-0.3047966825381729,-0.30272680381922956,-0.30224174575244117,-0.3043294980106471,-0.30310126808387927,-0.30404393730812174,-0.3044706439126479,-0.303321397845275,-0.28623757877971,-0.30275198752778326,-0.30271106329474073,-0.3043389090832075,-0.30374877610419154,-0.30185395702337997,-0.29946947133981966,3.3210219131522414,-0.3042918517966637,-0.3035162815034751,-0.9651494887959078,0.9651494887959079,-0.307589956721284,-0.3058891164576676,-0.2972984756364805,-0.2958782193434618,-0.28778485064642084,-0.2976424757887016,-0.29752146930260215,-0.2976361078536546,-0.30761487725243,-0.3076211071788437,-0.3074902613827119,3.250686397633596,10.5
-0.6910862373159296,-0.14763389678194677,-0.20041365606323341,-0.3089803762722523,-0.6792109893640729,-0.11482333587655506,-0.44717797409924104,-0.5437990521321804,2.3743191554733776,-0.29994801576264063,-0.30334026118101864,-0.3018571111142733,-0.3021850168704932,-0.2844348789726559,-0.304749671950443,3.2808756042637026,-0.30272680381922956,-0.30224174575244117,-0.3043294980106471,-0.30310126808387927,-0.30404393730812174,-0.3044706439126479,-0.303321397845275,-0.28623757877971,-0.30275198752778326,-0.30271106329474073,-0.3043389090832075,-0.30374877610419154,-0.30185395702337997,-0.29946947133981966,-0.3011121354061834,3.2863186907424264,-0.3035162815034751,-0.9651494887959078,0.9651494887959079,-0.307589956721284,-0.3058891164576676,-0.2972984756364805,-0.2958782193434618,-0.28778485064642084,-0.2976424757887016,-0.29752146930260215,-0.2976361078536546,-0.30761487725243,-0.3076211071788437,3.252135516433052,-0.3076273370227194,13.0
-1.0474103068950238,-0.14763389678194677,-0.20041365606323341,3.2364514926956676,-0.6792109893640729,-0.11482333587655506,-0.44717797409924104,-0.5437990521321804,-0.42117336992996873,-0.29994801576264063,-0.30334026118101864,-0.3018571111142733,-0.3021850168704932,-0.2844348789726559,-0.304749671950443,3.2808756042637026,-0.30272680381922956,-0.30224174575244117,-0.3043294980106471,-0.30310126808387927,-0.30404393730812174,-0.3044706439126479,-0.303321397845275,-0.28623757877971,-0.30275198752778326,3.3034801870664707,-0.3043389090832075,-0.30374877610419154,-0.30185395702337997,-0.29946947133981966,-0.3011121354061834,-0.3042918517966637,-0.3035162815034751,-0.9651494887959078,0.9651494887959079,-0.307589956721284,-0.3058891164576676,-0.2972984756364805,-0.2958782193434618,-0.28778485064642084,-0.2976424757887016,-0.29752146930260215,-0.2976361078536546,-0.30761487725243,-0.3076211071788437,3.252135516433052,-0.3076273370227194,13.0
0.4741897740102985,-0.14763389678194677,-0.20041365606323341,-0.3089803762722523,-0.6792109893640729,-0.11482333587655506,2.236246098691061,-0.5437990521321804,-0.42117336992996873,-0.29994801576264063,-0.30334026118101864,-0.3018571111142733,-0.3021850168704932,-0.2844348789726559,-0.304749671950443,-0.3047966825381729,-0.30272680381922956,-0.30224174575244117,-0.3043294980106471,3.2992273715043083,-0.30404393730812174,-0.3044706439126479,-0.303321397845275,3.4936013791872,-0.30275198752778326,-0.30271106329474073,-0.3043389090832075,-0.30374877610419154,-0.30185395702337997,-0.29946947133981966,-0.3011121354061834,-0.3042918517966637,-0.3035162815034751,-0.9651494887959078,0.9651494887959079,-0.307589956721284,-0.3058891164576676,-0.2972984756364805,-0.2958782193434618,-0.28778485064642084,-0.2976424757887016,-0.29752146930260215,-0.2976361078536546,-0.30761487725243,-0.3076211071788437,-0.3074902613827119,3.250686397633596,11.5
-0.6621950965392462,-0.14763389678194677,-0.20041365606323341,-0.3089803762722523,1.4722965553550205,-0.11482333587655506,-0.44717797409924104,-0.5437990521321804,-0.42117336992996873,-0.29994801576264063,-0.30334026118101864,-0.3018571111142733,-0.3021850168704932,-0.2844348789726559,-0.304749671950443,-0.3047966825381729,-0.30272680381922956,-0.30224174575244117,-0.3043294980106471,-0.30310126808387927,3.2889983232475632,-0.3044706439126479,-0.303321397845275,-0.28623757877971,-0.30275198752778326,-0.30271106329474073,-0.3043389090832075,-0.30374877610419154,-0.30185395702337997,-0.29946947133981966,3.3210219131522414,-0.3042918517966637,-0.3035162815034751,-0.9651494887959078,0.9651494887959079,-0.307589956721284,3.2691584832453207,-0.2972984756364805,-0.2958782193434618,-0.28778485064642084,-0.2976424757887016,-0.29752146930260215,-0.2976361078536546,-0.30761487725243,-0.3076211071788437,-0.3074902613827119,-0.3076273370227194,26.0
-1.5289293198397462,-0.14763389678194677,-0.20041365606323341,-0.3089803762722523,-0.6792109893640729,-0.11482333587655506,-0.44717797409924104,1.838914569782904,-0.42117336992996873,-0.29994801576264063,-0.30334026118101864,-0.3018571111142733,-0.3021850168704932,-0.2844348789726559,-0.304749671950443,-0.3047966825381729,-0.30272680381922956,-0.30224174575244117,3.2859121660464665,-0.30310126808387927,-0.30404393730812174,-0.3044706439126479,-0.303321397845275,-0.28623757877971,-0.30275198752778326,3.3034801870664707,-0.3043389090832075,-0.30374877610419154,-0.30185395702337997,-0.29946947133981966,-0.3011121354061834,-0.3042918517966637,-0.3035162815034751,-0.9651494887959078,0.9651494887959079,-0.307589956721284,-0.3058891164576676,-0.2972984756364805,-0.2958782193434618,-0.28778485064642084,-0.2976424757887016,-0.29752146930260215,-0.2976361078536546,-0.30761487725243,3.250752229490622,-0.3074902613827119,-0.3076273370227194,6.5
0.6860581397059761,-0.14763389678194677,-0.20041365606323341,-0.3089803762722523,-0.6792109893640729,-0.11482333587655506,-0.44717797409924104,1.838914569782904,-0.42117336992996873,-0.29994801576264063,-0.30334026118101864,-0.3018571111142733,-0.3021850168704932,-0.2844348789726559,-0.304749671950443,-0.3047966825381729,-0.30272680381922956,-0.30224174575244117,-0.3043294980106471,-0.30310126808387927,3.2889983232475632,-0.3044706439126479,-0.303321397845275,-0.28623757877971,3.3030336420441535,-0.30271106329474073,-0.3043389090832075,-0.30374877610419154,-0.30185395702337997,-0.29946947133981966,-0.3011121354061834,-0.3042918517966637,-0.3035162815034751,-0.9651494887959078,0.9651494887959079,-0.307589956721284,-0.3058891164576676,-0.2972984756364805,-0.2958782193434618,-0.28778485064642084,-0.2976424757887016,-0.29752146930260215,-0.2976361078536546,-0.30761487725243,-0.3076211071788437,3.252135516433052,-0.3076273370227194,18.5
2.2654405021646657,-0.14763389678194677,-0.20041365606323341,-0.3089803762722523,1.4722965553550205,-0.11482333587655506,-0.44717797409924104,-0.5437990521321804,-0.42117336992996873,-0.29994801576264063,-0.30334026118101864,-0.3018571111142733,-0.3021850168704932,3.515743229564102,-0.304749671950443,-0.3047966825381729,-0.30272680381922956,-0.30224174575244117,-0.3043294980106471,-0.30310126808387927,-0.30404393730812174,-0.3044706439126479,-0.303321397845275,-0.28623757877971,3.3030336420441535,-0.30271106329474073,-0.3043389090832075,-0.30374877610419154,-0.30185395702337997,-0.29946947133981966,-0.3011121354061834,-0.3042918517966637,-0.3035162815034751,-0.9651494887959078,0.9651494887959079,3.2510814418629694,-0.3058891164576676,-0.2972984756364805,-0.2958782193434618,-0.28778485064642084,-0.2976424757887016,-0.29752146930260215,-0.2976361078536546,-0.30761487725243,-0.3076211071788437,-0.3074902613827119,-0.3076273370227194,29.0
0.570493576599243,-0.14763389678194677,-0.20041365606323341,-0.3089803762722523,1.4722965553550205,-0.11482333587655506,-0.44717797409924104,-0.5437990521321804,-0.42117336992996873,-0.29994801576264063,-0.30334026118101864,-0.3018571111142733,3.3092309154049406,-0.2844348789726559,-0.304749671950443,-0.3047966825381729,-0.30272680381922956,-0.30224174575244117,-0.3043294980106471,-0.30310126808387927,-0.30404393730812174,-0.3044706439126479,-0.303321397845275,-0.28623757877971,-0.30275198752778326,-0.30271106329474073,-0.3043389090832075,-0.30374877610419154,-0.30185395702337997,-0.29946947133981966,-0.3011121354061834,-0.3042918517966637,3.2947161682611434,-0.9651494887959078,0.9651494887959079,3.2510814418629694,-0.3058891164576676,-0.2972984756364805,-0.2958782193434618,-0.28778485064642084,-0.2976424757887016,-0.29752146930260215,-0.2976361078536546,-0.30761487725243,-0.3076211071788437,-0.3074902613827119,-0.3076273370227194,22.5
0.18527836624346486,-0.14763389678194677,-0.20041365606323341,-0.3089803762722523,-0.6792109893640729,-0.11482333587655506,-0.44717797409924104,-0.5437990521321804,2.3743191554733776,-0.29994801576264063,3.2966280048240897,-0.3018571111142733,-0.3021850168704932,-0.2844348789726559,-0.304749671950443,-0.3047966825381729,-0.30272680381922956,-0.30224174575244117,-0.3043294980106471,-0.30310126808387927,-0.30404393730812174,-0.3044706439126479,-0.303321397845275,-0.28623757877971,3.3030336420441535,-0.30271106329474073,-0.3043389090832075,-0.30374877610419154,-0.30185395702337997,-0.29946947133981966,-0.3011121354061834,-0.3042918517966637,-0.3035162815034751,-0.9651494887959078,0.9651494887959079,3.2510814418629694,-0.3058891164576676,-0.2972984756364805,-0.2958782193434618,-0.28778485064642084,-0.2976424757887016,-0.29752146930260215,-0.2976361078536546,-0.30761487725243,-0.3076211071788437,-0.3074902613827119,-0.3076273370227194,19.5
0.6667973791881872,-0.14763389678194677,-0.20041365606323341,-0.3089803762722523,-0.6792109893640729,8.709031072525933,-0.44717797409924104,-0.5437990521321804,-0.42117336992996873,-0.29994801576264063,-0.30334026118101864,-0.3018571111142733,-0.3021850168704932,-0.2844348789726559,-0.304749671950443,-0.3047966825381729,-0.30272680381922956,-0.30224174575244117,3.2859121660464665,-0.30310126808387927,-0.30404393730812174,-0.3044706439126479,-0.303321397845275,-0.28623757877971,-0.30275198752778326,-0.30271106329474073,-0.3043389090832075,-0.30374877610419154,-0.30185395702337997,-0.29946947133981966,-0.3011121354061834,-0.3042918517966637,3.2947161682611434,-0.9651494887959078,0.9651494887959079,-0.307589956721284,-0.3058891164576676,-0.2972984756364805,-0.2958782193434618,-0.28778485064642084,-0.2976424757887016,-0.29752146930260215,-0.2976361078536546,-0.30761487725243,3.250752229490622,-0.3074902613827119,-0.3076273370227194,9.5
0.3201036898679872,-0.14763389678194677,-0.20041365606323341,-0.3089803762722523,-0.6792109893640729,-0.11482333587655506,-0.44717797409924104,-0.5437990521321804,2.3743191554733776,-0.29994801576264063,-0.30334026118101864,-0.3018571111142733,3.3092309154049406,-0.2844348789726559,-0.304749671950443,-0.3047966825381729,-0.30272680381922956,-0.30224174575244117,-0.3043294980106471,-0.30310126808387927,-0.30404393730812174,-0.3044706439126479,3.296833019707043,-0.28623757877971,-0.30275198752778326,-0.30271106329474073,-0.3043389090832075,-0.30374877610419154,-0.30185395702337997,-0.29946947133981966,-0.3011121354061834,-0.3042918517966637,-0.3035162815034751,-0.9651494887959078,0.9651494887959079,-0.307589956721284,-0.3058891164576676,-0.2972984756364805,-0.2958782193434618,-0.28778485064642084,-0.2976424757887016,-0.29752146930260215,-0.2976361078536546,-0.30761487725243,3.250752229490622,-0.3074902613827119,-0.3076273370227194,9.5
0.637906238411504,-0.14763389678194677,-0.20041365606323341,-0.3089803762722523,-0.6792109893640729,-0.11482333587655506,2.236246098691061,-0.5437990521321804,-0.42117336992996873,-0.29994801576264063,-0.30334026118101864,3.3128257151491525,-0.3021850168704932,-0.2844348789726559,-0.304749671950443,-0.3047966825381729,-0.30272680381922956,-0.30224174575244117,-0.3043294980106471,-0.30310126808387927,-0.30404393730812174,-0.3044706439126479,3.296833019707043,-0.28623757877971,-0.30275198752778326,-0.30271106329474073,-0.3043389090832075,-0.30374877610419154,-0.30185395702337997,-0.29946947133981966,-0.3011121354061834,-0.3042918517966637,-0.3035162815034751,-0.9651494887959078,0.9651494887959079,3.2510814418629694,-0.3058891164576676,-0.2972984756364805,-0.2958782193434618,-0.28778485064642084,-0.2976424757887016,-0.29752146930260215,-0.2976361078536546,-0.30761487725243,-0.3076211071788437,-0.3074902613827119,-0.3076273370227194,20.5
-0.8740634622349239,-0.14763389678194677,-0.20041365606323341,-0.3089803762722523,1.4722965553550205,-0.11482333587655506,-0.44717797409924104,-0.5437990521321804,-0.42117336992996873,3.3339110360754476,-0.30334026118101864,-0.3018571111142733,-0.3021850168704932,-0.2844348789726559,-0.304749671950443,-0.3047966825381729,-0.30272680381922956,-0.30224174575244117,-0.3043294980106471,-0.30310126808387927,-0.30404393730812174,-0.3044706439126479,-0.303321397845275,-0.28623757877971,-0.30275198752778326,-0.30271106329474073,-0.3043389090832075,-0.30374877610419154,-0.30185395702337997,3.339238539160678,-0.3011121354061834,-0.3042918517966637,-0.3035162815034751,-0.9651494887959078,0.9651494887959079,3.2510814418629694,-0.3058891164576676,-0.2972984756364805,-0.2958782193434618,-0.28778485064642084,-0.2976424757887016,-0.29752146930260215,-0.2976361078536546,-0.30761487725243,-0.3076211071788437,-0.3074902613827119,-0.3076273370227194,14.5
-1.028149546377235,2.846656616439588,-0.20041365606323341,-0.3089803762722523,-0.6792109893640729,-0.11482333587655506,-0.44717797409924104,1.838914569782904,-0.42117336992996873,3.3339110360754476,-0.30334026118101864,-0.3018571111142733,-0.3021850168704932,-0.2844348789726559,-0.304749671950443,-0.3047966825381729,-0.30272680381922956,-0.30224174575244117,-0.3043294980106471,-0.30310126808387927,-0.30404393730812174,-0.3044706439126479,-0.303321397845275,-0.28623757877971,-0.30275198752778326,-0.30271106329474073,-0.3043389090832075,-0.30374877610419154,-0.30185395702337997,3.339238539160678,-0.3011121354061834,-0.3042918517966637,-0.3035162815034751,1.0361089257246263,-1.0361089257246263,-0.307589956721284,-0.3058891164576676,-0.2972984756364805,-0.2958782193434618,-0.28778485064642084,3.359735526154896,-0.29752146930260215,-0.2976361078536546,-0.30761487725243,-0.3076211071788437,-0.3074902613827119,-0.3076273370227194,9.0
0.2815821688324094,-0.14763389678194677,-0.20041365606323341,-0.3089803762722523,1.4722965553550205,-0.11482333587655506,-0.44717797409924104,-0.5437990521321804,-0.42117336992996873,-0.29994801576264063,-0.30334026118101864,-0.3018571111142733,3.3092309154049406,-0.2844348789726559,-0.304749671950443,-0.3047966825381729,-0.30272680381922956,-0.30224174575244117,-0.3043294980106471,-0.30310126808387927,-0.30404393730812174,-0.3044706439126479,3.296833019707043,-0.28623757877971,-0.30275198752778326,-0.30271106329474073,-0.3043389090832075,-0.30374877610419154,-0.30185395702337997,-0.29946947133981966,-0.3011121354061834,-0.3042918517966637,-0.3035162815034751,1.0361089257246263,-1.0361089257246263,-0.307589956721284,-0.3058891164576676,-0.2972984756364805,3.379768886736399,-0.28778485064642084,-0.2976424757887016,-0.29752146930260215,-0.2976361078536546,-0.30761487725243,-0.3076211071788437,-0.3074902613827119,-0.3076273370227194,22.5
1.0712733500617542,-0.14763389678194677,-0.20041365606323341,-0.3089803762722523,-0.6792109893640729,-0.11482333587655506,2.236246098691061,-0.5437990521321804,-0.42117336992996873,-0.29994801576264063,-0.30334026118101864,-0.3018571111142733,-0.3021850168704932,-0.2844348789726559,-0.304749671950443,-0.3047966825381729,-0.30272680381922956,-0.30224174575244117,3.2859121660464665,-0.30310126808387927,-0.30404393730812174,3.2843888893501942,-0.303321397845275,-0.28623757877971,-0.30275198752778326,-0.30271106329474073,-0.3043389090832075,-0.30374877610419154,-0.30185395702337997,-0.29946947133981966,-0.3011121354061834,-0.3042918517966637,-0.3035162815034751,1.0361089257246263,-1.0361089257246263,-0.307589956721284,-0.3058891164576676,-0.2972984756364805,-0.2958782193434618,-0.28778485064642084,-0.2976424757887016,3.36110198146045,-0.2976361078536546,-0.30761487725243,-0.3076211071788437,-0.3074902613827119,-0.3076273370227194,16.5
-1.4326255172508016,-0.14763389678194677,-0.20041365606323341,-0.3089803762722523,1.4722965553550205,-0.11482333587655506,-0.44717797409924104,-0.5437990521321804,-0.42117336992996873,-0.29994801576264063,-0.30334026118101864,-0.3018571111142733,-0.3021850168704932,-0.2844348789726559,-0.304749671950443,-0.3047966825381729,3.3033084199479754,-0.30224174575244117,-0.3043294980106471,-0.30310126808387927,-0.30404393730812174,-0.3044706439126479,-0.303321397845275,-0.28623757877971,-0.30275198752778326,-0.30271106329474073,3.285810555779431,-0.30374877610419154,-0.30185395702337997,-0.29946947133981966,-0.3011121354061834,-0.3042918517966637,-0.3035162815034751,1.0361089257246263,-1.0361089257246263,-0.307589956721284,-0.3058891164576676,-0.2972984756364805,-0.2958782193434618,-0.28778485064642084,-0.2976424757887016,-0.29752146930260215,3.3598074078152247,-0.30761487725243,-0.3076211071788437,-0.3074902613827119,-0.3076273370227194,3.5
2.015050615433409,-0.14763389678194677,-0.20041365606323341,-0.3089803762722523,-0.6792109893640729,-0.11482333587655506,-0.44717797409924104,-0.5437990521321804,2.3743191554733776,-0.29994801576264063,-0.30334026118101864,-0.3018571111142733,-0.3021850168704932,-0.2844348789726559,-0.304749671950443,-0.3047966825381729,-0.30272680381922956,3.30860979349648,-0.3043294980106471,-0.30310126808387927,-0.30404393730812174,-0.3044706439126479,-0.303321397845275,-0.28623757877971,-0.30275198752778326,3.3034801870664707,-0.3043389090832075,-0.30374877610419154,-0.30185395702337997,-0.29946947133981966,-0.3011121354061834,-0.3042918517966637,-0.3035162815034751,1.0361089257246263,-1.0361089257246263,-0.307589956721284,-0.3058891164576676,-0.2972984756364805,-0.2958782193434618,-0.28778485064642084,-0.2976424757887016,-0.29752146930260215,3.3598074078152247,-0.30761487725243,-0.3076211071788437,-0.3074902613827119,-0.3076273370227194,7.0
-0.3732836887724128,-0.14763389678194677,-0.20041365606323341,-0.3089803762722523,1.4722965553550205,-0.11482333587655506,-0.44717797409924104,-0.5437990521321804,-0.42117336992996873,-0.29994801576264063,-0.30334026118101864,-0.3018571111142733,-0.3021850168704932,-0.2844348789726559,-0.304749671950443,-0.3047966825381729,-0.30272680381922956,-0.30224174575244117,3.2859121660464665,-0.30310126808387927,-0.30404393730812174,-0.3044706439126479,-0.303321397845275,-0.28623757877971,-0.30275198752778326,-0.30271106329474073,-0.3043389090832075,-0.30374877610419154,-0.30185395702337997,-0.29946947133981966,-0.3011121354061834,-0.3042918517966637,3.2947161682611434,-0.9651494887959078,0.9651494887959079,-0.307589956721284,-0.3058891164576676,-0.2972984756364805,-0.2958782193434618,-0.28778485064642084,-0.2976424757887016,-0.29752146930260215,-0.2976361078536546,-0.30761487725243,-0.3076211071788437,-0.3074902613827119,3.250686397633596,9.0
0.9171872659194429,-0.14763389678194677,-0.20041365606323341,-0.3089803762722523,-0.6792109893640729,-0.11482333587655506,2.236246098691061,-0.5437990521321804,-0.42117336992996873,-0.29994801576264063,-0.30334026118101864,-0.3018571111142733,-0.3021850168704932,-0.2844348789726559,-0.304749671950443,-0.3047966825381729,-0.30272680381922956,-0.30224174575244117,-0.3043294980106471,-0.30310126808387927,3.2889983232475632,-0.3044706439126479,-0.303321397845275,-0.28623757877971,-0.30275198752778326,-0.30271106329474073,-0.3043389090832075,-0.30374877610419154,-0.30185395702337997,3.339238539160678,-0.3011121354061834,-0.3042918517966637,-0.3035162815034751,-0.9651494887959078,0.9651494887959079,-0.307589956721284,-0.3058891164576676,-0.2972984756364805,-0.2958782193434618,-0.28778485064642084,-0.2976424757887016,-0.29752146930260215,-0.2976361078536546,-0.30761487725243,3.250752229490622,-0.3074902613827119,-0.3076273370227194,10.5
0.021561901842259368,-0.14763389678194677,-0.20041365606323341,-0.3089803762722523,1.4722965553550205,-0.11482333587655506,-0.44717797409924104,-0.5437990521321804,-0.42117336992996873,-0.29994801576264063,-0.30334026118101864,3.3128257151491525,-0.3021850168704932,-0.2844348789726559,-0.304749671950443,-0.3047966825381729,-0.30272680381922956,-0.30224174575244117,-0.3043294980106471,-0.30310126808387927,-0.30404393730812174,3.2843888893501942,-0.303321397845275,-0.28623757877971,-0.30275198752778326,-0.30271106329474073,-0.3043389090832075,-0.30374877610419154,-0.30185395702337997,-0.29946947133981966,-0.3011121354061834,-0.3042918517966637,-0.3035162815034751,1.0361089257246263,-1.0361089257246263,-0.307589956721284,-0.3058891164576676,-0.2972984756364805,-0.2958782193434618,-0.28778485064642084,-0.2976424757887016,-0.29752146930260215,3.3598074078152247,-0.30761487725243,-0.3076211071788437,-0.3074902613827119,-0.3076273370227194,7.0
1.1001644908384374,-0.14763389678194677,4.989679943189526,-0.3089803762722523,-0.6792109893640729,-0.11482333587655506,-0.44717797409924104,-0.5437990521321804,-0.42117336992996873,-0.29994801576264063,-0.30334026118101864,-0.3018571111142733,-0.3021850168704932,-0.2844348789726559,-0.304749671950443,-0.3047966825381729,-0.30272680381922956,-0.30224174575244117,3.2859121660464665,-0.30310126808387927,-0.30404393730812174,3.2843888893501942,-0.303321397845275,-0.28623757877971,-0.30275198752778326,-0.30271106329474073,-0.3043389090832075,-0.30374877610419154,-0.30185395702337997,-0.29946947133981966,-0.3011121354061834,-0.3042918517966637,-0.3035162815034751,1.0361089257246263,-1.0361089257246263,-0.307589956721284,-0.3058891164576676,-0.2972984756364805,-0.2958782193434618,-0.28778485064642084,-0.2976424757887016,3.36110198146045,-0.2976361078536546,-0.30761487725243,-0.3076211071788437,-0.3074902613827119,-0.3076273370227194,16.5
0.7342100410004485,-0.14763389678194677,-0.20041365606323341,-0.3089803762722523,1.4722965553550205,-0.11482333587655506,-0.44717797409924104,-0.5437990521321804,-0.42117336992996873,-0.29994801576264063,-0.30334026118101864,-0.3018571111142733,-0.3021850168704932,-0.2844348789726559,-0.304749671950443,-0.3047966825381729,-0.30272680381922956,-0.30224174575244117,-0.3043294980106471,-0.30310126808387927,3.2889983232475632,-0.3044706439126479,-0.303321397845275,3.4936013791872,-0.30275198752778326,-0.30271106329474073,-0.3043389090832075,-0.30374877610419154,-0.30185395702337997,-0.29946947133981966,-0.3011121354061834,-0.3042918517966637,-0.3035162815034751,1.0361089257246263,-1.0361089257246263,-0.307589956721284,-0.3058891164576676,-0.2972984756364805,3.379768886736399,-0.28778485064642084,-0.2976424757887016,-0.29752146930260215,-0.2976361078536546,-0.30761487725243,-0.3076211071788437,-0.3074902613827119,-0.3076273370227194,22.5
-0.854802701717135,-0.14763389678194677,-0.20041365606323341,-0.3089803762722523,-0.6792109893640729,-0.11482333587655506,-0.44717797409924104,-0.5437990521321804,2.3743191554733776,-0.29994801576264063,-0.30334026118101864,-0.3018571111142733,-0.3021850168704932,-0.2844348789726559,3.28138171109374,-0.3047966825381729,-0.30272680381922956,-0.30224174575244117,-0.3043294980106471,-0.30310126808387927,-0.30404393730812174,-0.3044706439126479,3.296833019707043,-0.28623757877971,-0.30275198752778326,-0.30271106329474073,-0.3043389090832075,-0.30374877610419154,-0.30185395702337997,-0.29946947133981966,-0.3011121354061834,-0.3042918517966637,-0.3035162815034751,1.0361089257246263,-1.0361089257246263,-0.307589956721284,-0.3058891164576676,3.3636230319012568,-0.2958782193434618,-0.28778485064642084,-0.2976424757887016,-0.29752146930260215,-0.2976361078536546,-0.30761487725243,-0.3076211071788437,-0.3074902613827119,-0.3076273370227194,11.0
0.4741897740102985,-0.14763389678194677,-0.20041365606323341,-0.3089803762722523,1.4722965553550205,-0.11482333587655506,-0.44717797409924104,-0.5437990521321804,-0.42117336992996873,-0.29994801576264063,-0.30334026118101864,-0.3018571111142733,-0.3021850168704932,-0.2844348789726559,-0.304749671950443,-0.3047966825381729,-0.30272680381922956,-0.30224174575244117,-0.3043294980106471,3.2992273715043083,-0.30404393730812174,-0.3044706439126479,-0.303321397845275,3.4936013791872,-0.30275198752778326,-0.30271106329474073,-0.3043389090832075,-0.30374877610419154,-0.30185395702337997,-0.29946947133981966,-0.3011121354061834,-0.3042918517966637,-0.3035162815034751,-0.9651494887959078,0.9651494887959079,-0.307589956721284,-0.3058891164576676,-0.2972984756364805,-0.2958782193434618,-0.28778485064642084,-0.2976424757887016,-0.29752146930260215,-0.2976361078536546,3.2508180648863614,-0.3076211071788437,-0.3074902613827119,-0.3076273370227194,10.0
1.3409239973107985,-0.14763389678194677,-0.20041365606323341,3.2364514926956676,-0.6792109893640729,-0.11482333587655506,-0.44717797409924104,-0.5437990521321804,-0.42117336992996873,-0.29994801576264063,-0.30334026118101864,-0.3018571111142733,-0.3021850168704932,-0.2844348789726559,-0.304749671950443,-0.3047966825381729,-0.30272680381922956,3.30860979349648,-0.3043294980106471,-0.30310126808387927,-0.30404393730812174,-0.3044706439126479,-0.303321397845275,-0.28623757877971,-0.30275198752778326,-0.30271106329474073,-0.3043389090832075,-0.30374877610419154,-0.30185395702337997,-0.29946947133981966,-0.3011121354061834,-0.3042918517966637,3.2947161682611434,-0.9651494887959078,0.9651494887959079,3.2510814418629694,-0.3058891164576676,-0.2972984756364805,-0.2958782193434618,-0.28778485064642084,-0.2976424757887016,-0.29752146930260215,-0.2976361078536546,-0.30761487725243,-0.3076211071788437,-0.3074902613827119,-0.3076273370227194,29.5
0.7727315620360263,-0.14763389678194677,-0.20041365606323341,-0.3089803762722523,1.4722965553550205,-0.11482333587655506,-0.44717797409924104,-0.5437990521321804,-0.42117336992996873,-0.29994801576264063,-0.30334026118101864,-0.3018571111142733,-0.3021850168704932,-0.2844348789726559,-0.304749671950443,-0.3047966825381729,-0.30272680381922956,-0.30224174575244117,-0.3043294980106471,-0.30310126808387927,3.2889983232475632,-0.3044706439126479,-0.303321397845275,-0.28623757877971,3.3030336420441535,-0.30271106329474073,-0.3043389090832075,-0.30374877610419154,-0.30185395702337997,-0.29946947133981966,-0.3011121354061834,-0.3042918517966637,-0.3035162815034751,1.0361089257246263,-1.0361089257246263,-0.307589956721284,-0.3058891164576676,-0.2972984756364805,-0.2958782193434618,-0.28778485064642084,3.359735526154896,-0.29752146930260215,-0.2976361078536546,-0.30761487725243,-0.3076211071788437,-0.3074902613827119,-0.3076273370227194,9.0
-0.27697988618346825,-0.14763389678194677,-0.20041365606323341,-0.3089803762722523,-0.6792109893640729,-0.11482333587655506,-0.44717797409924104,1.838914569782904,-0.42117336992996873,-0.29994801576264063,-0.30334026118101864,-0.3018571111142733,-0.3021850168704932,-0.2844348789726559,-0.304749671950443,-0.3047966825381729,-0.30272680381922956,-0.30224174575244117,3.2859121660464665,-0.30310126808387927,-0.30404393730812174,-0.3044706439126479,-0.303321397845275,-0.28623757877971,-0.30275198752778326,-0.30271106329474073,-0.3043389090832075,-0.30374877610419154,3.3128603310724394,-0.29946947133981966,-0.3011121354061834,-0.3042918517966637,-0.3035162815034751,-0.9651494887959078,0.9651494887959079,-0.307589956721284,-0.3058891164576676,-0.2972984756364805,-0.2958782193434618,-0.28778485064642084,-0.2976424757887016,-0.29752146930260215,-0.2976361078536546,-0.30761487725243,-0.3076211071788437,3.252135516433052,-0.3076273370227194,13.0
-0.9318457437882907,-0.14763389678194677,-0.20041365606323341,-0.3089803762722523,1.4722965553550205,-0.11482333587655506,-0.44717797409924104,-0.5437990521321804,-0.42117336992996873,-0.29994801576264063,-0.30334026118101864,-0.3018571111142733,-0.3021850168704932,-0.2844348789726559,-0.304749671950443,3.2808756042637026,-0.30272680381922956,-0.30224174575244117,-0.3043294980106471,-0.30310126808387927,-0.30404393730812174,-0.3044706439126479,-0.303321397845275,-0.28623757877971,-0.30275198752778326,-0.30271106329474073,-0.3043389090832075,-0.30374877610419154,-0.30185395702337997,-0.29946947133981966,-0.3011121354061834,-0.3042918517966637,3.2947161682611434,-0.9651494887959078,0.9651494887959079,-0.307589956721284,-0.3058891164576676,-0.2972984756364805,-0.2958782193434618,-0.28778485064642084,-0.2976424757887016,-0.29752146930260215,-0.2976361078536546,-0.30761487725243,-0.3076211071788437,3.252135516433052,-0.3076273370227194,12.5
-1.0088887858594462,-0.14763389678194677,4.989679943189526,-0.3089803762722523,-0.6792109893640729,-0.11482333587655506,-0.44717797409924104,-0.5437990521321804,-0.42117336992996873,-0.29994801576264063,-0.30334026118101864,-0.3018571111142733,-0.3021850168704932,-0.2844348789726559,-0.304749671950443,-0.3047966825381729,-0.30272680381922956,-0.30224174575244117,-0.3043294980106471,-0.30310126808387927,3.2889983232475632,-0.3044706439126479,-0.303321397845275,-0.28623757877971,-0.30275198752778326,-0.30271106329474073,-0.3043389090832075,3.292194335153407,-0.30185395702337997,-0.29946947133981966,-0.3011121354061834,-0.3042918517966637,-0.3035162815034751,1.0361089257246263,-1.0361089257246263,-0.307589956721284,-0.3058891164576676,3.3636230319012568,-0.2958782193434618,-0.28778485064642084,-0.2976424757887016,-0.29752146930260215,-0.2976361078536546,-0.30761487725243,-0.3076211071788437,-0.3074902613827119,-0.3076273370227194,13.5
-0.6621950965392462,-0.14763389678194677,-0.20041365606323341,-0.3089803762722523,-0.6792109893640729,-0.11482333587655506,-0.44717797409924104,-0.5437990521321804,2.3743191554733776,-0.29994801576264063,-0.30334026118101864,-0.3018571111142733,3.3092309154049406,-0.2844348789726559,-0.304749671950443,-0.3047966825381729,-0.30272680381922956,-0.30224174575244117,-0.3043294980106471,-0.30310126808387927,-0.30404393730812174,3.2843888893501942,-0.303321397845275,-0.28623757877971,-0.30275198752778326,-0.30271106329474073,-0.3043389090832075,-0.30374877610419154,-0.30185395702337997,-0.29946947133981966,-0.3011121354061834,-0.3042918517966637,-0.3035162815034751,1.0361089257246263,-1.0361089257246263,-0.307589956721284,-0.3058891164576676,-0.2972984756364805,3.379768886736399,-0.28778485064642084,-0.2976424757887016,-0.29752146930260215,-0.2976361078536546,-0.30761487725243,-0.3076211071788437,-0.3074902613827119,-0.3076273370227194,16.5
0.2430606477968316,-0.14763389678194677,-0.20041365606323341,-0.3089803762722523,1.4722965553550205,-0.11482333587655506,-0.44717797409924104,-0.5437990521321804,-0.42117336992996873,-0.29994801576264063,-0.30334026118101864,-0.3018571111142733,3.3092309154049406,-0.2844348789726559,-0.304749671950443,-0.3047966825381729,-0.30272680381922956,-0.30224174575244117,-0.3043294980106471,-0.30310126808387927,-0.30404393730812174,-0.3044706439126479,-0.303321397845275,-0.28623757877971,-0.30275198752778326,-0.30271106329474073,-0.3043389090832075,-0.30374877610419154,-0.30185395702337997,-0.29946947133981966,-0.3011121354061834,3.2863186907424264,-0.3035162815034751,-0.9651494887959078,0.9651494887959079,-0.307589956721284,-0.3058891164576676,-0.2972984756364805,-0.2958782193434618,-0.28778485064642084,-0.2976424757887016,-0.29752146930260215,-0.2976361078536546,3.2508180648863614,-0.3076211071788437,-0.3074902613827119,-0.3076273370227194,9.0
-0.6910862373159296,-0.14763389678194677,-0.20041365606323341,-0.3089803762722523,1.4722965553550205,-0.11482333587655506,-0.44717797409924104,-0.5437990521321804,-0.42117336992996873,-0.29994801576264063,-0.30334026118101864,-0.3018571111142733,-0.3021850168704932,-0.2844348789726559,-0.304749671950443,3.2808756042637026,-0.30272680381922956,-0.30224174575244117,-0.3043294980106471,-0.30310126808387927,-0.30404393730812174,-0.3044706439126479,-0.303321397845275,-0.28623757877971,-0.30275198752778326,-0.30271106329474073,-0.3043389090832075,-0.30374877610419154,-0.30185395702337997,-0.29946947133981966,-0.3011121354061834,3.2863186907424264,-0.3035162815034751,-0.9651494887959078,0.9651494887959079,-0.307589956721284,3.2691584832453207,-0.2972984756364805,-0.2958782193434618,-0.28778485064642084,-0.2976424757887016,-0.29752146930260215,-0.2976361078536546,-0.30761487725243,-0.3076211071788437,-0.3074902613827119,-0.3076273370227194,26.0
